N,P,K,temperature,humidity,ph,rainfall,label
90,42,43,20.87974371,82.00274423,6.502985292,202.9355362,rice
85,58,41,21.77046169,80.31964408,7.038096361,226.6555374,rice
60,55,44,23.00445915,82.3207629,7.840207144,263.9642476,rice
74,35,40,26.49109635,80.15836264,6.980400905,242.8640342,rice
78,42,42,20.13017482,81.60487287,7.628472891,262.7173405,rice
69,37,42,23.05804872,83.37011772,7.073453503,251.0549998,rice
69,55,38,22.70883798,82.63941394,5.70080568,271.3248604,rice
94,53,40,20.27774362,82.89408619,5.718627178,241.9741949,rice
89,54,38,24.51588066,83.5352163,6.685346424,230.4462359,rice
68,58,38,23.22397386,83.03322691,6.336253525,221.2091958,rice
91,53,40,26.52723513,81.41753846,5.386167788,264.6148697,rice
90,46,42,23.97898217,81.45061596,7.50283396,250.0832336,rice
78,58,44,26.80079604,80.88684822,5.108681786,284.4364567,rice
93,56,36,24.01497622,82.05687182,6.98435366,185.2773389,rice
94,50,37,25.66585205,80.66385045,6.94801983,209.5869708,rice
60,48,39,24.28209415,80.30025587,7.042299069,231.0863347,rice
85,38,41,21.58711777,82.7883708,6.249050656,276.6552459,rice
91,35,39,23.79391957,80.41817957,6.970859754,206.2611855,rice
77,38,36,21.8652524,80.1923008,5.953933276,224.5550169,rice
88,35,40,23.57943626,83.58760316,5.85393208,291.2986618,rice
89,45,36,21.32504158,80.47476396,6.442475375,185.4974732,rice
76,40,43,25.15745531,83.11713476,5.070175667,231.3843163,rice
67,59,41,21.94766735,80.97384195,6.012632591,213.3560921,rice
83,41,43,21.0525355,82.67839517,6.254028451,233.1075816,rice
98,47,37,23.48381344,81.33265073,7.375482851,224.0581164,rice
66,53,41,25.0756354,80.52389148,7.778915154,257.0038865,rice
97,59,43,26.35927159,84.04403589,6.286500176,271.3586137,rice
97,50,41,24.52922681,80.54498576,7.070959995,260.2634026,rice
60,49,44,20.77576147,84.49774397,6.244841491,240.0810647,rice
84,51,35,22.30157427,80.64416466,6.043304899,197.9791215,rice
73,57,41,21.44653958,84.94375962,5.824709117,272.2017204,rice
92,35,40,22.17931888,80.33127223,6.357389366,200.0882787,rice
85,37,39,24.52783742,82.73685569,6.364134968,224.6757231,rice
98,53,38,20.26707606,81.63895217,5.01450727,270.4417274,rice
88,54,44,25.7354293,83.88266234,6.149410611,233.1321372,rice
95,55,42,26.79533926,82.1480873,5.950660556,193.3473987,rice
99,57,35,26.75754171,81.17734011,5.960370061,272.2999056,rice
95,39,36,23.86330467,83.15250801,5.561398642,285.2493645,rice
60,43,44,21.01944696,82.95221726,7.416245107,298.4018471,rice
63,44,41,24.17298839,83.7287574,5.583370042,257.0343554,rice
62,42,36,22.78133816,82.06719137,6.430010215,248.7183228,rice
64,45,43,25.62980105,83.52842314,5.534878156,209.9001977,rice
83,60,36,25.59704938,80.14509262,6.903985986,200.834898,rice
82,40,40,23.83067496,84.81360127,6.271478838,298.5601175,rice
85,52,45,26.31355498,82.36698992,7.224285503,265.5355937,rice
91,35,38,24.8972823,80.52586088,6.13428721,183.6793207,rice
76,49,42,24.958779,84.47963372,5.206373153,196.9560008,rice
74,39,38,23.24113501,84.59201843,7.782051313,233.0453455,rice
79,43,39,21.66628296,80.70960551,7.062779015,210.8142087,rice
88,55,45,24.63544858,80.41363018,7.730367824,253.7202781,rice
60,36,43,23.43121862,83.06310136,5.286203711,219.9048349,rice
76,60,39,20.0454142,80.3477562,6.766240045,208.5810155,rice
93,56,42,23.85724032,82.22572988,7.382762603,195.0948311,rice
65,60,43,21.97199397,81.89918197,5.658169482,227.3637009,rice
95,52,36,26.22916897,83.83625819,5.543360238,286.5083725,rice
75,38,39,23.44676801,84.79352417,6.215109715,283.9338466,rice
74,54,38,25.65553461,83.47021081,7.120272972,217.3788583,rice
91,36,45,24.44345477,82.45432595,5.950647577,267.9761948,rice
71,46,40,20.2801937,82.1235421,7.236705436,191.9535738,rice
99,55,35,21.7238313,80.2389895,6.501697816,277.9626192,rice
72,40,38,20.41447029,82.20802629,7.592490617,245.1511304,rice
83,58,45,25.75528612,83.51827127,5.875345751,245.6626799,rice
93,58,38,20.61521424,83.77345559,6.932400225,279.5451717,rice
70,36,42,21.84106875,80.72886384,6.946209881,202.3838319,rice
76,47,42,20.08369642,83.29114712,5.739175027,263.6372176,rice
99,41,36,24.45802087,82.74835604,6.738652179,182.5616319,rice
99,54,37,21.14347496,80.33502926,5.594819626,198.6730942,rice
86,59,35,25.78720567,82.11124033,6.946636369,243.5120414,rice
69,46,41,23.64124821,80.28597873,5.012139669,263.1103304,rice
91,56,37,23.43191632,80.56887849,6.363472208,269.5039162,rice
61,52,41,24.97669518,83.891805,6.880431223,204.8001847,rice
67,45,38,22.72791041,82.1706881,7.300410836,260.8875056,rice
79,42,37,24.87300744,82.84022551,6.587918708,295.6094492,rice
78,43,42,21.32376327,83.00320459,7.283736617,192.3197536,rice
75,54,36,26.29465461,84.56919326,7.023936392,257.4914906,rice
97,36,45,22.2286982,81.85872947,6.939083505,278.0791793,rice
67,47,44,26.73072391,81.78596776,7.868474653,280.4044392,rice
73,35,38,24.88921174,81.97927117,5.005306977,185.9461429,rice
77,36,37,26.88444878,81.46033732,6.136131869,194.5766559,rice
81,41,38,22.67846116,83.72874389,7.524080076,200.9133156,rice
68,57,43,26.08867875,80.37979919,5.706943251,182.9043504,rice
72,45,35,25.42977518,82.94682591,5.758506323,195.3574542,rice
61,53,43,26.40323239,81.05635517,6.349606327,223.3671883,rice
67,43,39,26.04371967,84.96907151,5.999969026,186.7536773,rice
67,58,39,25.2827223,80.54372813,5.453592032,220.1156708,rice
66,60,38,22.08576562,83.47038318,6.372576327,231.7364957,rice
82,43,38,23.28617173,81.43321641,5.105588355,242.3170629,rice
84,50,44,25.48591986,81.40633547,5.935344406,182.6549356,rice
81,53,42,23.67575393,81.03569343,5.17782304,233.7034975,rice
91,50,40,20.82477109,84.1341879,6.462391607,230.2242223,rice
93,53,38,26.92995077,81.91411159,7.069172227,290.6793783,rice
90,44,38,23.83509503,83.88387074,7.473134377,241.2013513,rice
81,45,35,26.52872817,80.12267476,6.158376967,218.9163567,rice
78,40,38,26.46428311,83.85642678,7.549873681,248.2256491,rice
60,51,36,22.69657794,82.81088865,6.028321558,256.9964761,rice
88,46,42,22.68319059,83.46358271,6.604993475,194.2651719,rice
93,47,37,21.53346343,82.14004101,6.500343222,295.9248796,rice
60,55,45,21.40865769,83.3293191,5.935745417,287.5766935,rice
78,35,44,26.54348085,84.67353597,7.072655622,183.6222657,rice
65,37,40,23.35905428,83.59512273,5.333322606,188.413665,rice
71,54,16,22.61359953,63.69070564,5.749914421,87.75953857,maize
61,44,17,26.10018422,71.57476937,6.931756558,102.2662445,maize
80,43,16,23.55882094,71.59351368,6.657964753,66.71995467,maize
73,58,21,19.97215954,57.68272924,6.596060648,60.65171481,maize
61,38,20,18.47891261,62.69503871,5.970458434,65.43835393,maize
68,41,16,21.77689322,57.80840636,6.158830619,102.0861694,maize
93,41,17,25.6217169,66.50415474,6.047906679,105.4654703,maize
89,60,19,25.19192419,66.6902901,5.913664501,78.06639649,maize
76,44,17,20.41683147,62.5542482,5.855442401,65.27798457,maize
67,60,25,24.92162194,66.78627406,5.750254943,109.2162279,maize
70,44,19,23.31689124,73.4541537,5.852607099,94.29712821,maize
90,49,21,24.84016732,68.3584573,6.472523287,74.05474936,maize
62,52,16,22.27526694,58.84015925,6.967057762,63.87020584,maize
92,44,16,18.87751445,65.76816093,6.082973754,94.76189431,maize
66,54,21,25.19008683,60.2001687,5.919045532,72.12375573,maize
63,58,22,18.25405352,55.28220433,6.204747653,63.72358154,maize
70,47,17,24.6129118,70.4162444,6.600827017,104.1626147,maize
61,41,17,25.1420613,65.26185135,6.021902237,76.68456006,maize
66,53,19,23.09348056,60.1159381,6.033550195,65.49730729,maize
74,55,19,18.05033737,62.89366992,6.28886807,84.23613484,maize
77,57,21,24.9321581,73.80435276,6.550563823,79.74078719,maize
99,50,15,18.14710054,71.09445342,5.573286437,88.07753741,maize
74,56,22,18.28362235,66.65952796,6.829199275,80.97573281,maize
83,45,21,18.83344471,58.75082029,5.716222912,79.7532896,maize
100,48,16,25.71895816,67.22190688,5.54990242,74.51490791,maize
79,51,16,25.33797709,68.49835977,6.586244581,96.46380213,maize
94,39,18,23.89114571,57.48775781,5.893093135,102.8301942,maize
75,49,15,21.53574127,71.50905983,5.918263801,102.4852929,maize
78,48,22,23.08974909,63.10459626,5.588650585,70.43473609,maize
87,54,20,25.61707368,63.4711755,6.576418207,108.8303762,maize
87,35,25,21.44526922,63.1621551,6.178056304,65.88951188,maize
63,43,19,18.51816776,55.53128131,6.641906353,90.988051,maize
84,57,25,22.53510514,67.99257471,6.489040367,64.40866039,maize
64,35,23,23.02038334,61.89472002,5.680361038,63.03843397,maize
60,46,22,24.89364635,65.61418761,6.625404348,87.9298085,maize
98,44,21,25.77175115,74.089114,6.524478032,107.4931917,maize
75,56,18,19.39851734,62.35750641,5.696205468,60.95197486,maize
86,55,21,21.54156232,59.64024162,6.803931519,109.7515385,maize
98,35,18,23.79746068,74.82913698,6.252797548,91.76337172,maize
76,57,18,18.9802729,74.52600826,6.092725883,94.26249353,maize
99,56,17,24.10859207,73.13112261,6.234330356,71.07562236,maize
60,44,23,24.7947077,70.04556743,5.722579819,76.72860067,maize
74,48,17,21.63162756,60.27766379,6.430616465,69.21803098,maize
89,60,17,25.37548751,57.21025565,5.983952675,101.7004306,maize
69,51,23,22.21738222,72.85462807,6.80163854,106.6213157,maize
96,46,22,20.58314011,69.00128641,6.499936446,66.29390357,maize
61,60,15,24.87502824,68.74248334,6.265564338,91.26056654,maize
74,58,18,20.03728219,56.35606753,6.727303282,109.024141,maize
74,43,23,25.95263264,61.89082199,6.325235159,99.57981207,maize
63,43,17,19.28889933,65.47050802,6.807487794,71.3195307,maize
99,36,20,20.57981887,65.34583901,6.671085817,78.34604471,maize
77,36,23,24.71417533,56.73426469,6.648725327,88.45361858,maize
87,60,23,20.27317074,63.91281869,6.439071996,62.50351892,maize
60,38,17,18.41932981,64.23580251,6.474476516,76.41312437,maize
94,54,17,23.39128187,61.74427165,5.871647806,107.3198135,maize
95,38,22,19.84939404,61.24500053,5.730617109,100.7689246,maize
84,44,21,21.869274,61.91044947,5.850439831,107.2681929,maize
77,58,19,22.8056033,56.50768935,5.791649933,101.5952794,maize
66,44,20,19.0781471,69.02298571,6.740000688,80.72515943,maize
63,35,16,22.02720976,65.35549924,6.272417541,83.73280082,maize
79,45,20,23.80546189,59.24537979,5.715208817,89.9622014,maize
72,60,25,18.52510753,69.0276233,5.773454729,88.10234397,maize
67,51,24,23.50297882,61.32026065,5.584171461,64.77791424,maize
86,36,24,26.54986394,72.89187265,5.787268394,73.33636055,maize
76,48,18,19.29563411,69.63481219,5.77597783,83.21030571,maize
75,53,18,20.68899915,59.4375337,6.864793607,103.651438,maize
81,45,23,19.32666088,68.034493,6.192360003,84.22969177,maize
73,45,21,24.60532218,73.58868502,6.636803223,96.59195302,maize
71,35,24,22.27373646,59.52193158,5.826426917,67.96704792,maize
96,54,22,25.70196694,61.33450447,6.960358276,83.20711308,maize
99,39,18,19.20129357,68.30578978,6.11275104,87.85092352,maize
62,48,20,21.70181447,60.47470519,6.708446922,95.71388473,maize
86,37,16,20.51716779,59.21235483,5.561510732,67.61013737,maize
94,50,19,23.30355338,73.62548442,5.873242491,97.59081274,maize
76,39,24,24.2547451,55.64709899,6.995843776,64.23845455,maize
77,52,17,24.86374934,65.7420046,5.714799723,75.82270467,maize
74,39,23,22.6265115,65.77472881,6.78073637,88.17251033,maize
81,49,20,18.04185513,60.61494304,5.513697923,104.2321615,maize
63,42,21,23.26237612,72.33125523,5.798423908,67.10225139,maize
99,38,21,22.88330922,71.59722446,6.352471866,67.72777298,maize
90,52,25,25.97482359,69.36385721,6.822586546,103.2234212,maize
68,40,19,26.14384005,66.20569924,6.655426355,107.2361366,maize
60,57,24,18.66116213,61.55327249,6.121294041,75.03247667,maize
71,52,18,25.10787449,55.97732754,5.790770203,78.16077693,maize
61,59,17,23.33844615,59.24580604,6.47444292,105.0083144,maize
88,38,15,25.08239719,65.92195844,6.455116637,62.49190812,maize
65,60,22,25.36768364,72.52054555,6.606984086,107.9124111,maize
78,37,22,25.34217103,63.31801994,6.330554389,74.52082026,maize
78,58,15,25.00933355,67.816568,6.528631266,62.91359494,maize
92,60,23,18.66746724,71.516474,5.721667141,69.93293255,maize
79,59,17,20.37999665,63.73849998,6.644205485,108.5054416,maize
91,55,15,18.09300227,72.61024172,6.376651091,78.96159541,maize
76,51,18,26.16985907,71.96246617,6.247040422,79.84925393,maize
87,48,25,18.65396672,61.37879671,6.656730008,93.62039175,maize
71,60,22,26.07470121,59.37147589,6.2048017,85.75692395,maize
90,57,24,18.92851916,72.80086137,6.158860284,82.34162918,maize
67,35,22,23.30546753,63.24648023,6.385684214,108.7603001,maize
60,54,19,18.74826712,62.49878458,6.417820493,70.23401597,maize
83,58,23,19.74213321,59.66263104,6.381201909,65.50861389,maize
83,57,19,25.73044432,70.74739256,6.877869005,98.73771338,maize
40,72,77,17.02498456,16.98861173,7.485996067,88.55123143,chickpea
23,72,84,19.02061277,17.13159126,6.920251378,79.92698081,chickpea
39,58,85,17.88776475,15.40589717,5.996932037,68.54932919,chickpea
22,72,85,18.86805647,15.65809214,6.391173589,88.51048983,chickpea
36,67,77,18.36952567,19.56381041,7.152811172,79.26357665,chickpea
32,73,81,20.45078582,15.40312102,5.988992796,92.68373702,chickpea
58,70,84,20.6543203,16.60820843,6.231049028,74.6631118,chickpea
59,70,84,17.3348681,18.74926979,7.550808267,82.61734721,chickpea
42,62,75,18.17912258,18.90426935,7.010570541,81.84997529,chickpea
28,74,81,18.01272266,18.30968112,8.753795334,81.98568791,chickpea
58,66,79,20.99373558,19.33470387,8.718192847,93.55280105,chickpea
43,66,79,19.46233971,15.22538951,7.976607593,74.58565097,chickpea
58,63,81,19.81344531,14.69765308,6.515499549,78.96514709,chickpea
23,62,85,18.97424756,19.5161216,8.490127142,80.7108745,chickpea
27,62,77,18.19737048,14.71070537,6.576415562,70.18185181,chickpea
28,72,84,18.72963144,19.18197264,6.481783043,71.58010169,chickpea
50,56,76,20.99502153,19.8601304,7.966605025,73.50734019,chickpea
39,71,84,20.28155898,16.39535215,8.140825437,82.52339655,chickpea
25,78,76,17.48042641,15.7559405,7.228963452,66.96980581,chickpea
31,70,77,20.88818675,14.32313811,6.492546046,90.46228334,chickpea
26,80,83,17.08498521,16.14565756,7.528599957,71.31007253,chickpea
25,68,77,20.09340593,15.11279612,7.701446446,85.74904898,chickpea
31,78,76,17.57212145,14.99927489,8.519975748,89.31050665,chickpea
60,68,83,19.12065218,18.43475844,6.620900869,85.52950164,chickpea
59,62,83,18.57665902,19.22008229,8.104396058,72.94940441,chickpea
22,67,78,17.16606398,14.42457525,6.204090835,72.32667516,chickpea
36,65,80,18.2872007,16.67921616,6.051091339,74.87445574,chickpea
59,60,84,19.03025305,18.66725565,7.690962338,94.70992037,chickpea
54,77,85,17.1418614,17.0662427,7.829211144,83.74606679,chickpea
43,68,81,17.47809436,17.93253975,6.761599706,78.92060234,chickpea
28,76,82,20.56601874,14.25803981,6.654425315,83.75937135,chickpea
42,79,85,17.22385224,15.82069268,6.129533877,76.57580954,chickpea
32,60,83,19.69141713,19.44225438,8.829273328,91.76071648,chickpea
22,78,76,17.84851658,19.09172907,8.621662982,76.32470713,chickpea
31,79,75,18.8202251,16.1074793,8.204862075,89.73119396,chickpea
28,58,81,17.47500984,16.54314829,6.18042747,93.35034262,chickpea
57,58,77,18.72649425,17.58406365,7.978996755,81.20176515,chickpea
49,55,78,18.65580107,16.17772668,7.863113671,81.70769297,chickpea
46,76,77,18.2356751,19.68538502,6.967843048,83.74879344,chickpea
54,61,77,18.81198127,15.21618225,6.206582193,77.5429424,chickpea
38,60,76,18.65054116,17.80852431,8.868741443,77.92798682,chickpea
59,55,79,20.36720401,16.89574311,8.766128654,82.2545577,chickpea
36,76,75,18.38120357,16.63805158,8.736337905,70.52056697,chickpea
57,68,81,17.17012591,17.30457712,8.081095263,72.78624223,chickpea
35,66,81,19.37101121,15.77458129,6.138243973,85.24819851,chickpea
35,64,78,17.92845928,14.27327988,7.496645259,85.37378769,chickpea
52,60,79,19.45339934,18.23490739,8.380185271,75.6317566,chickpea
27,76,83,19.12829388,14.92241479,6.289614016,89.61857826,chickpea
57,60,84,19.1034283,17.26184541,6.586777189,75.49101167,chickpea
52,68,78,17.48504075,16.96070581,6.89655198,86.05078037,chickpea
43,79,79,19.40751744,18.98030507,7.806747656,80.25064637,chickpea
44,74,85,20.18649426,19.63719995,7.150681303,78.26039559,chickpea
24,55,78,17.30287885,15.15405941,6.64919573,75.57790384,chickpea
29,77,75,17.50361137,15.48083156,7.778591618,72.9446671,chickpea
20,60,78,18.17234999,14.70085967,6.358740355,90.7760707,chickpea
56,67,78,17.57445618,16.71826572,8.255450758,77.81891424,chickpea
37,66,85,20.93175255,18.91295403,6.456148474,78.06910795,chickpea
49,71,76,19.71098332,17.63879418,6.613072145,85.57925437,chickpea
59,69,80,19.07937684,17.86754927,8.165359297,69.40619137,chickpea
20,79,77,18.54988627,16.02542689,7.64867466,76.32565249,chickpea
24,56,85,18.19903647,17.41333199,6.545888558,80.6405403,chickpea
51,72,75,18.88852533,14.99451145,7.104224797,80.1113384,chickpea
57,73,85,18.49311205,14.72115044,7.358099622,91.94595352,chickpea
22,64,82,19.48974337,17.17260319,6.4740245,87.51312796,chickpea
52,73,79,17.25769499,18.74943955,7.840339389,94.00287214,chickpea
29,75,75,19.62416326,18.71483156,7.064790365,88.4585692,chickpea
44,59,78,20.67526473,19.85388984,7.599033472,84.78344008,chickpea
41,69,82,20.02381489,16.63294455,6.715587232,68.97806542,chickpea
52,56,85,20.1187446,14.44228303,6.81712422,88.68168643,chickpea
34,76,80,20.65691793,15.84572566,7.985417393,65.23811143,chickpea
42,74,83,19.2582557,14.2804191,7.545258424,65.78042032,chickpea
34,71,79,17.927806,15.85622899,7.728998197,74.63872762,chickpea
27,73,79,19.16288268,15.83500655,7.354973451,82.69766829,chickpea
30,70,79,20.26942271,19.96978871,7.313122235,69.64449182,chickpea
57,57,75,17.09104223,18.25142068,7.785039076,87.27444866,chickpea
27,79,82,17.06579293,17.54024066,6.307004923,70.87150577,chickpea
32,71,85,20.62767492,14.44008871,6.403982316,92.06630306,chickpea
31,76,82,20.8248451,17.85057083,7.599279991,79.20509212,chickpea
33,75,84,19.46210401,18.72831993,7.217018459,68.81405149,chickpea
47,80,77,17.18248372,16.42891834,7.561108006,72.85017344,chickpea
54,62,80,17.48911699,16.39055394,7.489545074,79.45758333,chickpea
47,79,78,17.48395377,14.76014523,6.609696734,65.11365631,chickpea
35,57,83,19.48316794,17.44534641,7.476800943,80.4986291,chickpea
53,73,77,19.71359733,18.09665739,7.325451279,73.64476535,chickpea
45,61,78,19.48649305,16.06240074,6.489389282,81.5284269,chickpea
37,78,79,19.95264829,14.82633099,7.786366322,88.6810311,chickpea
30,75,81,19.41789736,16.80472243,6.408437886,68.4951189,chickpea
37,55,82,19.45591848,18.02235902,8.423873703,78.44910564,chickpea
53,65,76,20.19137759,16.41998269,8.719960893,77.33795356,chickpea
22,60,85,18.8392908,14.74071856,7.811997977,94.78189594,chickpea
60,61,78,20.71219282,19.83643308,6.317153205,94.03659867,chickpea
42,67,77,18.99424448,15.9362937,7.114405288,78.69707199,chickpea
39,76,76,19.96837462,15.57324389,8.135900726,69.15759062,chickpea
35,63,76,17.81564548,17.60756635,7.714153038,90.82097601,chickpea
30,65,82,20.71424384,15.27824066,7.103798069,76.77888672,chickpea
57,56,78,17.34150229,18.75626255,8.861479668,67.9545435,chickpea
48,65,78,17.43732714,14.33847406,7.861128148,73.0926704,chickpea
36,56,83,18.89780215,19.76182946,7.4526709,69.09512477,chickpea
40,58,75,18.59190771,14.77959596,7.168096055,89.60982451,chickpea
49,69,82,18.31561493,15.36143547,7.26311855,81.78710463,chickpea
13,60,25,17.13692774,20.59541693,5.68597166,128.256862,kidneybeans
25,70,16,19.63474332,18.90705639,5.759237003,106.3598183,kidneybeans
31,55,22,22.91350245,21.33953114,5.873171894,109.225556,kidneybeans
40,64,16,16.43340342,24.24045875,5.926676985,140.3717815,kidneybeans
2,61,20,22.13974653,23.02251117,5.95561668,76.64128258,kidneybeans
26,65,22,17.84806561,18.77621951,5.949949081,143.0984171,kidneybeans
17,57,21,19.88394011,20.31564139,5.789214289,60.91974792,kidneybeans
26,80,18,19.32509638,23.3334788,5.581021521,104.7783947,kidneybeans
17,59,17,18.4167001,23.42829938,5.689858133,132.9801054,kidneybeans
27,59,22,21.81167649,23.20591245,5.794158504,130.0608093,kidneybeans
28,58,24,19.72702528,18.28173015,5.748190463,143.7630894,kidneybeans
25,57,19,17.15432954,19.87070659,5.566522896,87.99669731,kidneybeans
28,80,17,19.62207826,18.67170854,5.809419584,144.1567454,kidneybeans
25,60,22,21.63149148,21.17919701,5.887263027,134.3649948,kidneybeans
12,78,23,16.06522754,18.72479695,5.99812453,88.06638775,kidneybeans
6,77,25,20.61162204,24.36314135,5.792744849,69.63833855,kidneybeans
22,79,17,21.42451099,20.39659714,5.912289889,116.5206923,kidneybeans
27,80,15,19.07096165,21.21092266,5.788386951,86.21917578,kidneybeans
10,55,23,21.18853178,19.63438599,5.728233081,137.1948633,kidneybeans
23,65,20,23.0429097,22.42610972,5.833940084,108.3684316,kidneybeans
19,78,16,20.65375833,23.10538637,5.967533236,67.71768947,kidneybeans
19,65,25,18.09551014,18.29318436,5.625096446,144.7902323,kidneybeans
22,70,19,18.23775702,21.07643273,5.515615023,69.44951585,kidneybeans
37,64,22,17.48189735,18.8251973,5.954665349,121.9401369,kidneybeans
11,71,17,19.9191786,21.47324158,5.74644777,82.68554379,kidneybeans
18,79,20,20.27514686,23.2353604,5.877347515,139.7521543,kidneybeans
21,63,17,15.77370214,19.2303162,5.979973965,108.3441414,kidneybeans
24,80,22,16.71170642,19.17651433,5.635993966,96.77285817,kidneybeans
34,60,22,17.66148158,18.15302753,5.635231778,100.6711761,kidneybeans
16,75,21,18.50692825,23.61670065,5.679224346,87.0513289,kidneybeans
17,77,23,24.51324787,20.81527638,5.670062975,64.19497947,kidneybeans
37,72,18,18.87614998,24.54038287,5.724242065,105.4120514,kidneybeans
40,73,20,21.59343016,20.31871249,5.811314232,61.13872036,kidneybeans
9,77,17,20.12373284,24.45202552,5.783425416,106.158201,kidneybeans
1,62,23,15.43546065,18.37477907,5.607808432,139.0302034,kidneybeans
33,59,22,22.64236876,21.59396123,5.946999529,122.3886015,kidneybeans
23,59,19,21.98560799,24.87304788,5.852046999,129.5650601,kidneybeans
6,62,22,20.53052663,18.09224048,5.824090984,120.4509288,kidneybeans
25,63,20,15.78601387,21.14544088,5.502999119,95.17028129,kidneybeans
7,79,23,19.6365349,19.68751084,5.821649914,96.65888933,kidneybeans
8,72,17,20.57341244,19.7520218,5.711439256,87.87869161,kidneybeans
27,64,15,20.16080524,24.84207559,5.514927264,138.2362122,kidneybeans
28,66,23,21.53989176,24.25386207,5.99616119,120.6913038,kidneybeans
32,57,18,15.53834801,23.75560241,5.695422863,107.3850593,kidneybeans
27,56,22,19.91853092,20.70099804,5.833010958,108.6434544,kidneybeans
17,77,24,20.76952209,18.93146941,5.568456899,109.0193712,kidneybeans
0,65,15,23.46168338,23.22197648,5.645435626,95.84253438,kidneybeans
13,72,21,24.32116642,21.0278674,5.821194486,60.27552528,kidneybeans
34,60,23,20.12574053,24.96969858,5.659254981,100.0497183,kidneybeans
9,80,19,21.80619564,18.57086554,5.945465949,125.0972687,kidneybeans
11,72,20,19.52226241,24.92607153,5.951177452,113.334026,kidneybeans
3,67,24,17.00067625,19.90790546,5.520880014,103.2926407,kidneybeans
35,69,23,16.78791503,24.96881755,5.578410206,75.45328039,kidneybeans
3,77,25,24.84906168,22.89464642,5.608165195,62.21292186,kidneybeans
23,62,19,16.51783455,20.4555596,5.609435128,98.77794225,kidneybeans
22,71,17,18.15300153,19.38602098,5.509295379,107.6907964,kidneybeans
31,79,25,23.18864385,22.3104551,5.902033406,63.38208822,kidneybeans
34,59,18,23.38002569,21.98879437,5.744117663,87.66898664,kidneybeans
12,63,17,18.358923,19.37703396,5.717143397,138.414764,kidneybeans
27,56,20,19.25975367,20.51346956,5.542690119,94.9533526,kidneybeans
7,63,24,22.95458237,24.03553105,5.858617867,107.7315386,kidneybeans
24,67,22,20.120043,22.89845607,5.618844277,104.6252153,kidneybeans
11,71,24,21.14011423,22.7182355,5.606620346,141.6056722,kidneybeans
37,74,15,24.92360104,18.22590825,5.582178402,62.7089169,kidneybeans
25,76,24,15.33042636,24.91506728,5.56503533,135.3315583,kidneybeans
34,66,17,18.81097271,21.27833035,5.889614577,125.084915,kidneybeans
20,69,15,23.44260668,22.77255917,5.934136378,107.4137246,kidneybeans
37,65,16,22.8352024,18.97267518,5.683548308,63.59276673,kidneybeans
18,74,15,24.9035819,22.27512704,5.70836603,146.4727237,kidneybeans
4,67,25,23.78709569,24.35679348,5.948164454,119.6404412,kidneybeans
37,56,25,22.05592283,19.60379304,5.774755144,126.7265372,kidneybeans
5,59,15,18.87492997,20.18238348,5.97229163,134.1811718,kidneybeans
11,61,21,18.62328774,23.02410338,5.532100554,135.3378033,kidneybeans
22,80,20,23.00884744,18.86880997,5.669560726,100.118612,kidneybeans
12,61,19,19.33162606,24.13995025,5.655726817,68.51253427,kidneybeans
5,74,21,16.24469193,21.35793891,5.591704014,66.97053257,kidneybeans
27,69,22,17.91652287,24.90814655,5.932323085,69.14681022,kidneybeans
31,75,18,15.46789263,21.43780702,5.824208309,88.88796102,kidneybeans
36,68,20,17.06104474,23.77201471,5.86442953,81.83420522,kidneybeans
5,65,16,21.32776028,18.48522915,5.866744372,109.1013261,kidneybeans
32,79,15,23.90910104,20.74619325,5.706198621,81.60211243,kidneybeans
11,78,22,23.89756791,22.74378977,5.940546818,112.6616435,kidneybeans
0,55,22,22.98666928,20.57940608,5.916779289,143.8584938,kidneybeans
14,59,15,21.35135729,22.91244883,5.779090476,146.4548645,kidneybeans
29,68,23,24.1638445,19.27907819,5.82738029,116.7324324,kidneybeans
32,68,19,24.62835037,18.18325169,5.514234138,149.7441028,kidneybeans
17,64,17,21.02213209,24.93896255,5.662699104,124.6118471,kidneybeans
13,69,19,17.30844532,20.01730914,5.86390397,115.199245,kidneybeans
14,67,22,23.82576704,24.75485098,5.624690248,84.64143632,kidneybeans
9,69,20,19.30607278,23.96362799,5.591560999,129.3449326,kidneybeans
20,73,22,16.03768615,22.33195853,5.976312538,130.3900798,kidneybeans
40,78,20,19.18572809,20.83398341,5.669236258,80.15293435,kidneybeans
27,72,23,19.92889503,21.79992115,5.961934481,64.02640797,kidneybeans
14,67,15,19.56376468,24.67385131,5.690065688,139.2921004,kidneybeans
7,56,18,18.31357543,24.32991649,5.698371311,76.14153904,kidneybeans
27,65,18,20.10993761,23.22323766,5.59503163,73.36386477,kidneybeans
30,63,16,23.60506572,21.90539577,5.525904526,100.5978728,kidneybeans
37,70,25,19.73136909,24.89487354,5.819403771,84.06354115,kidneybeans
27,63,19,20.93409877,21.1893007,5.562201934,133.1914419,kidneybeans
22,60,24,18.78226261,20.24768314,5.630664753,104.2570723,kidneybeans
3,72,24,36.51268371,57.92887167,6.03160778,122.6539694,pigeonpeas
40,59,23,36.89163721,62.73178224,5.269084669,163.7266551,pigeonpeas
33,73,23,29.23540524,59.38967583,5.985792703,103.3301803,pigeonpeas
27,57,24,27.33534897,43.35795962,6.09186275,142.3303677,pigeonpeas
10,79,18,21.0643684,55.46985938,5.624731338,184.6226709,pigeonpeas
30,75,25,30.33276599,42.35249879,6.446091759,149.299952,pigeonpeas
40,70,20,31.80130272,45.03186173,5.623490043,147.0361442,pigeonpeas
38,55,19,33.18184225,38.23184742,5.864623352,198.8298806,pigeonpeas
35,58,20,29.38538562,63.47742011,5.761702519,90.05422663,pigeonpeas
38,61,21,30.27374995,67.38680755,4.696518678,127.7767134,pigeonpeas
33,58,24,35.45790488,68.75810535,5.269504214,108.6333046,pigeonpeas
16,56,17,33.80020039,40.03262418,7.445444883,176.6165894,pigeonpeas
31,72,17,28.69180475,49.47225353,5.833031708,96.36222901,pigeonpeas
16,80,20,31.24021696,56.67369054,7.339320929,122.0146733,pigeonpeas
27,72,17,28.98039357,57.23265151,6.347929353,120.7435664,pigeonpeas
40,62,19,27.32198928,34.13737127,4.697750704,96.51524028,pigeonpeas
18,58,16,21.47607807,38.80023714,4.962661422,180.382234,pigeonpeas
3,68,16,18.31910448,34.69776639,4.964887857,107.4721605,pigeonpeas
26,67,24,36.97794384,37.73992903,5.642813116,161.4812963,pigeonpeas
16,70,20,24.80467592,40.1242747,5.6093956,121.5639121,pigeonpeas
24,63,19,19.3479443,55.96805489,4.681576043,194.5921148,pigeonpeas
9,76,25,28.88302142,50.12323801,5.70951224,179.2155874,pigeonpeas
16,55,19,19.54314136,47.19188279,6.413543781,192.4372194,pigeonpeas
28,75,21,24.7741949,50.54621094,6.007508163,114.2821387,pigeonpeas
16,71,24,18.33124824,38.40975482,4.946369874,139.6483317,pigeonpeas
24,70,21,19.14729038,45.3733757,5.517208078,132.7748215,pigeonpeas
38,72,21,28.23416057,49.4421345,5.902103172,186.5008581,pigeonpeas
9,66,21,30.11812084,34.13307843,5.719889876,157.0858232,pigeonpeas
34,56,17,33.4126864,35.42910045,4.548202098,139.6702541,pigeonpeas
1,76,19,24.18553163,46.68746847,6.669529416,177.3377996,pigeonpeas
6,69,19,26.88630675,41.69617915,4.750929218,94.46748008,pigeonpeas
26,73,21,31.33170829,57.97429171,4.946263888,161.7820226,pigeonpeas
27,61,18,33.30711818,67.07780816,5.266227032,108.5090168,pigeonpeas
27,71,23,23.45379018,46.48714759,7.10959773,150.8712202,pigeonpeas
36,61,21,34.53823889,39.04468913,5.617008201,168.5948318,pigeonpeas
17,73,18,19.50112224,34.51086611,5.632353113,197.3752649,pigeonpeas
26,72,22,28.76794904,37.57792132,4.674941549,91.72084869,pigeonpeas
17,64,16,30.97758716,32.24914235,7.161797643,180.716828,pigeonpeas
14,74,19,18.39759147,36.82639309,6.624966131,93.12330644,pigeonpeas
39,60,15,35.09357419,30.98685456,5.004074624,116.9106908,pigeonpeas
6,66,15,34.93174223,30.40046769,6.345806011,159.2649827,pigeonpeas
8,59,18,29.50523036,35.72032498,6.216814453,187.8961851,pigeonpeas
2,67,18,34.51934775,47.52980027,5.921666758,129.0064612,pigeonpeas
1,76,17,28.43430726,52.10010827,6.012719118,147.0414824,pigeonpeas
16,73,19,18.41645629,34.80541039,4.684079249,163.2747473,pigeonpeas
23,75,25,31.07508973,47.19847683,7.077170002,91.31256412,pigeonpeas
32,70,20,20.89342749,46.24856523,6.208843215,195.5697875,pigeonpeas
28,59,22,30.90607799,52.79913039,7.05181629,170.9919828,pigeonpeas
5,62,23,27.9348279,66.45457122,4.722222454,145.3728801,pigeonpeas
36,67,25,35.95176642,36.52780776,6.418062652,136.0456753,pigeonpeas
1,66,23,19.54317155,56.92831399,4.803564468,173.1686574,pigeonpeas
24,73,20,19.63736208,32.31528909,4.608695247,176.4134092,pigeonpeas
17,67,18,31.2192752,56.46868874,5.611510977,129.2028653,pigeonpeas
5,55,18,33.50876355,45.70976142,7.322097972,126.6738117,pigeonpeas
5,56,24,24.80710166,45.01110015,5.023115055,188.4928637,pigeonpeas
37,77,17,36.20970524,31.94550613,5.617122801,191.0658531,pigeonpeas
13,73,20,30.50420876,35.48885969,5.391560418,162.5927723,pigeonpeas
6,63,23,26.01630259,49.94704718,5.906596905,160.3337447,pigeonpeas
16,77,22,31.48469278,35.6395615,6.574209678,100.546816,pigeonpeas
25,64,20,33.15122581,32.45974539,4.807776749,105.0380275,pigeonpeas
34,75,24,23.50222822,51.29019509,4.760038039,192.3023991,pigeonpeas
20,77,23,34.87248659,38.83786012,5.180271502,148.2502786,pigeonpeas
35,80,25,28.09269012,44.93322042,4.895927306,197.1144011,pigeonpeas
14,75,24,24.54757829,57.3414485,6.436160044,118.3606557,pigeonpeas
36,80,21,33.64769646,48.41490082,7.066087261,100.4673278,pigeonpeas
7,77,18,20.5591255,60.54880693,6.655918078,191.0895109,pigeonpeas
29,78,25,19.95991719,59.33157782,5.982854523,195.787103,pigeonpeas
30,60,21,28.87667593,62.4901206,5.457871273,182.2688175,pigeonpeas
20,74,16,36.04353699,43.61444121,4.759490199,159.8938645,pigeonpeas
19,57,23,23.6734328,47.2879691,7.342409555,141.1250722,pigeonpeas
3,60,19,25.74679443,40.7192594,4.820788186,100.7791633,pigeonpeas
5,77,19,31.08564994,66.68832981,6.242052013,175.9303271,pigeonpeas
5,68,20,18.72987676,61.33186249,5.001038726,139.8710041,pigeonpeas
37,73,21,29.50304807,63.46513414,5.560224583,189.5208915,pigeonpeas
9,59,24,20.43517772,39.37252634,4.747352458,137.2279662,pigeonpeas
20,72,15,36.00415838,56.01334416,7.313517308,134.8596466,pigeonpeas
31,56,23,31.46846241,35.39454002,5.661826398,174.5723999,pigeonpeas
0,70,21,36.30049702,56.03021253,4.672437054,101.6073988,pigeonpeas
21,74,15,29.49096726,67.10604388,6.471862118,153.2504506,pigeonpeas
13,67,18,30.5753044,34.75591197,5.384762927,177.5764304,pigeonpeas
27,74,20,24.69487673,59.96669215,5.859813416,91.95792434,pigeonpeas
29,72,24,23.17409556,36.67847052,6.962386495,162.5931264,pigeonpeas
5,68,20,19.04380471,33.10695144,6.12166671,155.3705624,pigeonpeas
39,57,19,29.32379604,45.93248374,6.421748487,165.4113371,pigeonpeas
22,62,16,34.6455408,54.32342534,4.828936119,180.9009998,pigeonpeas
18,55,23,21.9989826,56.31006755,6.98571967,136.8274312,pigeonpeas
39,77,21,22.99774444,60.24218572,4.603563116,159.689339,pigeonpeas
13,75,20,30.55992394,35.29006485,6.979540061,178.8998611,pigeonpeas
27,71,24,31.46417866,48.17631461,7.064973419,165.405354,pigeonpeas
26,64,22,25.95058595,40.58227261,5.16516459,109.1821183,pigeonpeas
23,55,16,21.01142393,69.69141302,5.111488821,185.2039114,pigeonpeas
4,69,19,19.25100056,47.70351758,5.374358869,149.063196,pigeonpeas
20,67,19,19.24462755,50.54495302,5.671419084,180.6465282,pigeonpeas
7,74,17,22.47253208,62.56532471,5.667419697,96.74706956,pigeonpeas
17,64,18,36.75087487,58.25799145,6.07938452,124.6028153,pigeonpeas
35,71,17,29.89286629,66.35375127,6.931924963,198.1403003,pigeonpeas
11,72,22,29.37735586,44.82294584,6.842744374,172.40168,pigeonpeas
20,60,22,29.65052947,42.89833235,6.876572503,186.9226052,pigeonpeas
10,71,18,19.54284889,66.34777265,6.151029296,173.1106982,pigeonpeas
33,61,24,20.04611791,48.93905624,4.567446499,122.4564203,pigeonpeas
3,49,18,27.91095209,64.70930606,3.692863601,32.67891866,mothbeans
22,59,23,27.32220619,51.27868781,4.371745575,36.5037914,mothbeans
36,58,25,28.66024187,59.3189118,8.399135958,36.92629678,mothbeans
4,43,18,29.02955344,61.09387478,8.840656256,72.98016599,mothbeans
29,54,16,27.78031515,54.65030015,8.153022903,32.05025323,mothbeans
32,43,22,31.99928579,54.1077461,5.270749441,71.6266696,mothbeans
14,55,15,27.33580911,55.27755933,8.050304395,73.44775287,mothbeans
5,35,20,28.92952635,53.57014709,9.679240873,66.35634104,mothbeans
25,57,24,27.65472156,58.59986279,6.974978386,36.94255012,mothbeans
11,53,24,28.52396666,55.77264351,7.39389918,61.32935611,mothbeans
40,49,17,31.02215872,45.89239456,6.68727523,53.56783314,mothbeans
38,56,25,25.74095321,45.38497051,7.88118645,67.43488235,mothbeans
27,43,23,31.70447482,56.85420099,5.875333778,44.94317432,mothbeans
24,38,22,24.47876451,58.51663927,8.202706015,34.96933295,mothbeans
23,45,21,31.46511256,51.79939437,8.985348193,74.44330654,mothbeans
29,57,20,25.60973447,50.7330069,5.87707519,53.39249517,mothbeans
31,35,23,30.30260453,47.18283631,7.707595055,68.04039813,mothbeans
0,55,25,28.17489437,43.6672299,4.524171562,45.78172762,mothbeans
7,45,22,25.50634557,44.8302551,9.926212291,74.32635105,mothbeans
17,58,25,31.12896766,43.58788762,6.455592696,32.76742894,mothbeans
11,44,17,26.34043268,55.59160391,8.016210782,35.1051197,mothbeans
22,49,22,28.23494706,61.5620517,3.71105919,72.66666443,mothbeans
9,51,19,27.04453473,49.32609633,5.49091063,48.25207759,mothbeans
28,48,15,25.16125354,55.25435777,9.254089438,40.89732789,mothbeans
26,50,19,27.3179125,51.66921088,6.005242945,32.55919573,mothbeans
36,56,20,25.4123765,49.66474269,7.437078236,31.87416982,mothbeans
8,60,18,31.21629982,46.01868196,3.808429173,53.1205277,mothbeans
24,37,21,30.573999,58.22686794,5.818219385,62.74803826,mothbeans
22,43,24,25.42517036,53.2208266,4.52363558,46.19374559,mothbeans
36,43,24,27.09400578,43.65305437,3.510404312,41.53749535,mothbeans
22,44,24,24.30935081,56.32938343,6.030447288,58.99536268,mothbeans
17,43,22,30.06142622,45.90067655,5.498340808,41.0550915,mothbeans
8,45,15,28.09568993,60.9835384,4.61136408,33.84110759,mothbeans
7,56,23,26.33908791,40.00933429,5.545219232,55.50429227,mothbeans
36,57,16,28.61409059,57.14218792,8.292875734,57.02891698,mothbeans
11,45,19,28.70012137,44.359648,3.828031463,44.11622138,mothbeans
6,36,22,24.21610338,59.79236306,8.869532817,42.24783476,mothbeans
17,57,20,28.50677929,45.20094476,3.793575185,66.1761456,mothbeans
4,47,20,25.97948991,64.95585424,4.193189124,72.19245835,mothbeans
9,49,16,30.88482722,41.36561835,7.661537348,55.053805,mothbeans
25,51,24,25.5042419,61.66852372,9.392694614,65.07981523,mothbeans
36,44,21,25.12528913,51.33189406,4.516154055,38.48678973,mothbeans
21,38,20,27.10508014,63.56791363,5.794289715,62.20279647,mothbeans
37,57,20,31.1006247,44.82069159,7.354286985,70.79934452,mothbeans
32,48,18,26.45707778,56.40226277,5.993513566,64.16167699,mothbeans
29,44,20,30.04132304,63.56222995,8.620107545,31.83192392,mothbeans
25,51,18,27.77799528,54.82130787,9.45949344,50.28438729,mothbeans
10,44,24,30.99256944,43.02151392,8.0344125,58.27600682,mothbeans
23,35,18,26.4908332,47.36534833,5.414492777,36.99362831,mothbeans
9,60,23,31.96987867,57.17377029,6.276004336,64.25520357,mothbeans
3,58,21,25.36140526,46.82652785,9.160691747,55.60523179,mothbeans
22,42,22,25.54249137,56.96640758,7.887658711,48.46797044,mothbeans
12,39,21,28.99319096,62.85948245,8.183844843,70.4713043,mothbeans
39,36,22,29.34317422,60.50320928,9.072011412,34.03335472,mothbeans
32,41,16,28.63618921,61.39451307,7.702287236,68.54877876,mothbeans
30,41,15,24.83206631,44.17085032,5.88509677,52.0810886,mothbeans
19,36,22,25.44689075,58.55363573,6.16496284,57.04826619,mothbeans
4,46,15,31.01274943,62.40392519,3.504752314,63.77192383,mothbeans
21,39,20,27.06179658,52.3003173,7.388007483,60.74583498,mothbeans
35,57,25,27.0956288,42.26206161,8.340398059,71.1271039,mothbeans
22,55,24,28.56800579,57.30636014,8.66077954,64.53027638,mothbeans
35,51,17,28.79929247,49.84213387,3.558822825,40.85534718,mothbeans
17,56,17,27.94293692,45.41393636,5.9565851,69.66289997,mothbeans
28,57,17,30.47757686,61.58245338,9.416003106,61.86633917,mothbeans
22,36,16,30.58139475,50.77148138,8.18422855,64.58559639,mothbeans
11,41,19,26.85911286,41.81420849,5.131779302,44.13827124,mothbeans
38,38,18,26.31051759,61.18749126,6.294130313,35.73403813,mothbeans
23,37,24,28.77833449,44.2252605,7.991902443,33.95825723,mothbeans
25,35,20,28.90245417,43.35365671,8.923095695,71.90018566,mothbeans
40,45,20,29.37687468,57.69622912,6.878498176,38.34303462,mothbeans
23,58,19,24.17093241,58.25204566,5.243634849,59.18953429,mothbeans
2,56,23,26.65333029,59.79023382,7.550090941,36.91852635,mothbeans
3,56,17,28.19912143,53.50567601,8.709291688,52.13580529,mothbeans
26,51,25,28.76488954,52.62741529,7.792508068,55.21606732,mothbeans
39,42,20,29.3499706,61.25353851,8.055908858,40.82840673,mothbeans
27,59,20,28.00937423,52.60950014,4.397698806,36.01203025,mothbeans
24,45,19,26.85851927,48.8246387,5.952384957,34.7426459,mothbeans
7,40,17,31.2123945,40.92604945,8.532078733,53.78769958,mothbeans
15,45,23,24.20422636,61.43378674,7.224193642,46.0203959,mothbeans
26,52,23,29.98835437,49.60384796,4.931890506,52.92929636,mothbeans
20,45,16,29.93964907,54.61813464,4.626212446,45.43669946,mothbeans
34,54,24,31.2119298,41.55934359,5.026003659,68.80141783,mothbeans
19,51,25,26.80474415,48.23991436,3.5253661,43.87801983,mothbeans
29,41,21,31.49398069,62.84916863,8.86979671,64.56807592,mothbeans
20,50,22,30.99694676,46.42693735,9.406887533,38.31597852,mothbeans
11,40,23,29.61253065,63.04749127,5.80428611,50.1978269,mothbeans
15,54,15,29.97604322,57.03184356,8.35495812,44.86052932,mothbeans
35,55,22,30.88883074,52.62696801,8.634929739,55.51932414,mothbeans
9,59,25,30.39321309,60.16299493,7.699200949,35.37493212,mothbeans
40,45,18,30.43683729,55.20522037,5.261285926,30.92014047,mothbeans
35,38,19,25.32688786,63.18180319,9.112771682,32.71129281,mothbeans
14,58,17,30.53684308,59.96664731,4.605700542,33.48919022,mothbeans
40,55,18,30.38257873,40.5926071,7.115994051,47.95406479,mothbeans
18,36,23,24.01825377,53.76623369,7.214078621,35.03404425,mothbeans
35,52,15,28.69841277,61.14754363,9.93509073,65.67591794,mothbeans
4,59,22,29.33743412,49.00323081,8.914074888,42.44054315,mothbeans
22,51,16,27.96583691,61.34900107,8.639586199,70.10472076,mothbeans
33,47,17,24.86803974,48.27531965,8.621514073,63.9187654,mothbeans
2,51,17,25.87682261,45.96341933,5.838508699,38.53254678,mothbeans
16,51,21,31.01963639,49.9767522,3.532008668,32.81296548,mothbeans
19,55,20,27.43329405,87.80507732,7.18530147,54.73367631,mungbean
8,54,20,28.3340432,80.77275974,7.034214276,38.7976407,mungbean
36,55,20,27.01470397,84.34262707,6.635968698,55.296354,mungbean
10,56,16,28.17432665,81.04554836,6.828187499,36.35720652,mungbean
22,56,17,29.87888063,87.32761241,6.89077995,44.75215854,mungbean
9,57,24,29.89232778,89.71503316,7.165121109,42.99498978,mungbean
34,59,23,28.56212158,83.24855855,6.935804256,56.48265193,mungbean
31,51,25,27.53592929,85.5701901,7.196774236,53.01899249,mungbean
0,49,18,29.68361658,87.93598094,6.990095452,41.82490236,mungbean
21,39,20,28.14448546,82.1193047,7.064782138,46.75690086,mungbean
28,35,22,29.53037621,86.73346018,7.156563094,59.87232071,mungbean
17,52,17,27.88352946,86.45147631,6.364967184,44.64407105,mungbean
24,42,23,28.22471276,82.35916228,6.428054409,44.01206619,mungbean
28,46,16,29.008124,84.96089355,6.664187809,45.91011391,mungbean
21,38,21,29.75538903,86.45193297,6.637677489,37.54602719,mungbean
34,60,25,29.78416743,85.16906976,6.79385576,40.77872823,mungbean
19,53,22,27.8640132,80.4513142,6.852884643,42.83053902,mungbean
31,58,15,27.11026483,84.96771717,7.121571293,51.52617423,mungbean
19,35,24,27.11030369,83.64274107,6.883308033,49.11964582,mungbean
24,53,17,28.95451232,89.07866095,6.421271178,57.65901369,mungbean
13,47,20,29.21780035,87.93724219,6.54450214,43.1386631,mungbean
31,53,16,28.7420098,85.81675947,6.452006451,48.54598575,mungbean
28,45,23,29.65021184,80.29868321,6.489259136,56.76278363,mungbean
31,37,21,27.23924995,86.404241,6.713410626,37.31236904,mungbean
33,60,15,28.95172351,81.67085323,6.510840928,56.51103293,mungbean
34,45,21,28.18837136,82.60629652,6.287380117,37.01110438,mungbean
13,57,25,28.30041493,86.20681554,6.86308576,50.47333854,mungbean
33,57,17,27.89636126,88.71782287,6.78415271,57.79863368,mungbean
32,57,22,28.6899851,87.50436797,6.769415888,44.56598352,mungbean
23,59,25,27.8262623,88.73100226,6.320768488,56.68833819,mungbean
35,41,18,28.70562673,81.59200689,6.705008504,59.87065439,mungbean
6,48,24,28.6362812,84.61431076,6.790736339,48.48319335,mungbean
29,36,25,28.28511547,88.4393979,7.130278657,48.56690235,mungbean
4,36,22,27.60887393,86.13316408,7.012740397,43.80041104,mungbean
10,59,22,28.60901145,86.99495766,7.155685016,36.94616965,mungbean
14,48,21,29.24598976,84.80084105,6.991242362,53.43228915,mungbean
8,50,21,28.62911222,89.1148059,6.218923893,50.49913241,mungbean
20,40,15,29.57329479,88.07505524,7.199495368,45.04467075,mungbean
36,43,22,27.82684262,87.16679147,6.389882166,58.37249772,mungbean
14,57,15,29.8757015,83.14796296,6.623438282,40.12044158,mungbean
11,60,23,27.33684386,88.50229102,7.033012777,51.09802625,mungbean
10,59,15,29.83040388,89.30428305,6.32400451,58.86687093,mungbean
7,60,25,28.2753171,82.76020821,6.397636709,56.04995423,mungbean
2,47,15,29.86860065,85.99127934,6.401455706,58.41394143,mungbean
20,45,22,29.5888162,89.9939693,6.904587016,54.96121262,mungbean
2,39,15,28.07219563,82.9116472,6.478557136,49.61865305,mungbean
27,40,24,27.84026517,89.99615558,7.063022095,52.84626009,mungbean
35,48,15,27.10818093,87.4512669,6.981758362,55.03723979,mungbean
4,59,25,27.68515114,81.94268594,6.227134139,54.62243308,mungbean
1,48,24,29.34594634,85.60472562,6.232836962,59.03629954,mungbean
36,43,21,28.36319404,84.8593608,7.140437859,52.93031105,mungbean
11,46,24,27.65280218,89.80650642,6.459252023,56.52558045,mungbean
34,47,19,27.31372793,85.44815232,6.568795404,53.15223123,mungbean
21,44,18,27.06909959,86.89934108,7.12851089,50.46746116,mungbean
17,58,20,28.06642822,85.91625451,6.42937879,39.23831035,mungbean
25,40,21,27.73329078,81.13903037,6.248900919,44.17580911,mungbean
2,38,18,27.53632932,89.92908171,6.619891498,45.48591922,mungbean
9,48,20,29.66461594,84.28187572,6.377568542,56.09542002,mungbean
37,49,25,29.9145443,85.85384444,6.415459592,41.39081525,mungbean
36,38,15,28.36363858,87.59810657,6.320662012,57.99524359,mungbean
40,58,15,29.46416042,87.60890009,6.978400282,43.15411472,mungbean
30,44,16,29.73013036,82.89166381,6.442335593,50.91511275,mungbean
1,59,23,27.46852989,87.17649,7.184398832,43.78420984,mungbean
9,48,22,27.77076285,87.09979549,6.402926221,49.50812624,mungbean
14,41,17,29.12939524,88.48312598,7.085982325,36.45012824,mungbean
35,52,19,27.10606808,89.89593328,6.698574085,37.45680611,mungbean
31,48,17,28.88078945,86.94206817,6.594739424,53.79732545,mungbean
4,41,20,28.14720892,83.8001509,6.647965508,37.44800463,mungbean
30,37,25,29.89129144,80.14487166,7.120032489,54.7960127,mungbean
9,35,20,27.41503453,80.98004661,6.91380932,40.53173216,mungbean
20,41,20,29.27308605,89.4875022,7.073048264,50.9246554,mungbean
37,50,23,29.65296893,88.48587386,6.5304707,56.01913159,mungbean
34,35,21,28.44524991,82.67639542,6.684381357,58.18713162,mungbean
14,37,15,27.96235681,83.97586797,6.581351374,48.9366954,mungbean
23,39,22,29.25649321,81.97952224,6.86483915,42.02483277,mungbean
5,45,21,28.36291385,88.00989267,6.487124217,43.05130077,mungbean
22,37,20,27.62749466,86.49366929,6.605733068,39.26137642,mungbean
40,51,17,28.66086349,86.12194568,6.860602782,50.01534317,mungbean
27,56,20,29.2114218,87.11497805,6.41874299,51.53848218,mungbean
31,40,22,29.40889385,86.16063492,6.365513634,53.35486977,mungbean
38,36,21,28.02952623,84.8845732,6.556372966,36.12042927,mungbean
6,37,17,28.08657178,80.35005927,6.760694228,38.14476781,mungbean
6,47,18,29.16174608,80.28038146,6.715276663,40.16545979,mungbean
24,44,17,29.8596912,80.03499648,6.666380512,50.66487502,mungbean
25,59,19,29.06631494,83.6869203,6.626629798,43.95183726,mungbean
32,56,21,27.38538997,88.66663953,6.702772465,58.29933073,mungbean
8,45,18,27.93034941,85.42058715,7.011030515,43.25095608,mungbean
19,39,17,29.2808618,81.8009244,6.890156495,44.47427436,mungbean
39,37,15,28.9973145,83.78911515,6.821747052,59.84499208,mungbean
33,37,19,27.92678579,86.5543196,7.183189922,43.4826194,mungbean
26,54,17,28.5474135,88.9570454,6.27258822,49.4897245,mungbean
21,51,15,29.36488409,89.1886954,6.679127482,48.30159325,mungbean
22,54,20,28.56149805,83.63802195,6.689825155,41.013132,mungbean
29,45,16,28.43683487,87.91332682,6.583381939,43.12063289,mungbean
4,40,21,28.79728147,80.45744422,6.725551062,44.30070517,mungbean
10,37,22,28.7275267,89.12760359,7.069747814,58.52974279,mungbean
4,44,19,27.95639663,83.52706038,6.921993878,43.25726752,mungbean
20,45,17,28.17458662,83.69659318,6.770955317,37.2464655,mungbean
23,45,23,28.77653519,86.69133979,6.983130466,56.12443206,mungbean
25,48,21,28.438097,83.48991368,6.267684328,52.55469976,mungbean
56,79,15,29.48439992,63.19915325,7.454532137,71.89090748,blackgram
25,62,21,26.73433965,68.13999721,7.040056094,67.15096376,blackgram
42,61,22,26.27274407,62.28814857,7.418650668,70.23207557,blackgram
42,73,25,34.03679184,67.21113844,6.501869314,73.23573601,blackgram
44,58,18,28.03644051,65.06601664,6.814410928,72.49507741,blackgram
50,55,16,28.81460716,65.33538112,7.581442888,62.26242533,blackgram
35,72,21,34.03619494,64.28791388,7.741418772,66.85510868,blackgram
30,64,20,33.8642935,61.57072498,6.573531614,68.02199825,blackgram
27,64,21,32.84213012,68.68401492,7.543804223,73.67166182,blackgram
50,74,17,27.10053268,63.36085585,6.5408208,73.84949872,blackgram
39,73,24,25.65842532,61.18235808,7.22405917,69.28607828,blackgram
57,67,25,32.34744009,66.61452812,7.551364319,64.55882254,blackgram
52,63,19,29.58949031,68.32176769,6.928898659,67.53021213,blackgram
55,66,22,30.91219459,68.79427388,7.747775263,66.63830637,blackgram
51,56,18,28.12787838,64.2097765,6.706505915,70.86340755,blackgram
36,66,15,30.08545364,69.34811988,6.668238556,67.1367443,blackgram
59,55,19,31.74379487,62.51007687,7.332375138,68.97097538,blackgram
50,58,23,27.81326852,62.50460464,7.596802025,69.75555541,blackgram
30,65,25,32.88733849,64.59457409,7.70650895,71.50569456,blackgram
20,62,18,29.36358721,64.98742947,7.366542647,61.91208707,blackgram
58,71,15,27.82592799,67.5861883,6.919243702,74.01229707,blackgram
25,71,24,28.49538735,60.44848407,7.187721818,74.91559514,blackgram
52,71,16,27.74274761,68.53997144,7.075886472,71.78615328,blackgram
40,63,18,30.41588462,67.66323804,6.74441168,63.02473185,blackgram
20,60,25,27.3254209,69.09047809,6.726469088,61.19250859,blackgram
48,61,21,30.28496619,61.69295127,6.628264883,65.62859526,blackgram
49,68,22,28.56840626,61.53278622,7.127064207,63.49726331,blackgram
48,62,15,25.36586097,66.6379724,7.538631462,65.81655892,blackgram
32,66,17,34.9466155,65.26774011,7.162357641,70.1415139,blackgram
21,63,22,25.09737391,67.72837887,6.859409487,74.61649888,blackgram
20,72,19,32.47648301,64.34848735,7.397190844,65.820457,blackgram
25,65,21,33.86351172,68.59232289,6.880245789,69.24464096,blackgram
41,78,21,25.19857725,60.37332688,6.581313137,70.88787207,blackgram
53,67,17,31.77681682,69.01852894,7.296972161,61.46892873,blackgram
39,60,21,34.89814946,63.59948557,6.97297656,64.72797143,blackgram
25,76,17,31.74105409,68.63525428,7.241148507,62.3061735,blackgram
21,78,19,27.16159076,66.76017239,6.92009048,69.85112265,blackgram
57,60,17,26.23773129,67.88521396,7.504608385,73.58663968,blackgram
56,75,15,30.20157245,60.06534859,7.152272256,66.37171179,blackgram
49,72,15,31.55846339,67.83563765,7.137004749,74.86960831,blackgram
24,80,19,29.67892453,69.0854554,6.808041722,65.66436565,blackgram
49,76,18,27.05365239,67.7017527,7.393631868,60.4693835,blackgram
28,68,19,34.63880966,61.38597868,7.69950698,72.43169115,blackgram
55,78,21,33.39438752,62.93692886,6.602888249,63.57445989,blackgram
50,64,25,28.84079155,63.37230676,6.734447425,70.25496749,blackgram
34,80,19,31.49338309,63.0563645,6.521217963,71.48327008,blackgram
20,68,23,25.54960633,63.95425534,7.707332484,63.1830529,blackgram
55,67,16,34.37329112,69.69366426,6.596719015,70.27184748,blackgram
23,70,15,34.6008247,63.11296779,7.403623355,60.41790253,blackgram
53,74,15,29.43463808,64.94329356,7.517097,72.17818157,blackgram
26,67,16,29.10713092,67.90577375,7.17620823,67.83345933,blackgram
33,80,22,28.57006111,65.71765781,6.593961761,70.0866434,blackgram
37,79,19,27.54384835,69.3478631,7.143942758,69.40878198,blackgram
33,75,21,33.04687968,68.93875631,6.690655045,62.30278274,blackgram
22,55,20,33.95309131,69.96100028,7.423530351,61.16350463,blackgram
20,68,17,30.11873003,60.11680815,6.578714843,71.72980375,blackgram
43,68,20,29.57812712,66.17587668,7.497469256,69.43895491,blackgram
44,76,22,27.26458947,68.01232937,7.775306272,68.91754359,blackgram
34,60,16,31.35730791,64.24992106,7.322555223,63.85668948,blackgram
21,72,17,31.52104732,66.55723677,7.580527339,61.71111448,blackgram
25,68,19,29.39982732,64.25510719,7.108450121,67.47677295,blackgram
41,62,15,29.38400259,64.14928485,7.358974541,65.24194361,blackgram
28,65,23,28.38686534,61.88871127,7.405176138,74.24459122,blackgram
35,64,15,28.47442276,63.53604453,6.500144962,69.5274407,blackgram
52,58,16,30.64095781,61.14508627,7.167435834,71.36947525,blackgram
58,75,25,25.25596239,61.36669662,7.261791753,68.64685069,blackgram
34,66,19,32.97030511,60.18122078,7.586642101,73.44678678,blackgram
52,70,16,33.66855394,66.60416867,7.534811833,67.32520551,blackgram
23,57,19,32.83963757,67.99803573,7.251000789,73.40452716,blackgram
42,58,25,27.45853567,62.90020977,6.513620918,69.46020927,blackgram
37,62,17,25.68576704,69.84354028,7.121254928,74.62068748,blackgram
44,75,22,30.0328403,64.14800537,7.574561547,71.21006868,blackgram
21,80,20,28.20667264,68.27085245,7.350869792,64.32887142,blackgram
56,76,16,28.27265858,61.18956161,7.513151076,63.29900785,blackgram
29,76,15,28.5417236,64.2020154,7.025607706,69.68862306,blackgram
43,61,20,26.87187036,61.61367264,6.804253866,63.51822045,blackgram
55,60,15,32.79766751,68.77994074,7.163043872,64.11411069,blackgram
44,63,15,26.42333018,64.51136845,7.338929556,63.46546487,blackgram
29,67,21,29.79181107,63.38789228,6.621323612,63.02169909,blackgram
47,63,16,27.44003279,67.10464369,6.661870999,72.50669768,blackgram
40,68,17,34.1262979,65.14877461,7.733149554,70.40795007,blackgram
58,61,15,30.94908189,64.23364112,7.402891666,62.78730907,blackgram
41,74,18,28.75751783,61.02701476,6.599147298,73.37686831,blackgram
58,79,17,27.24766491,66.10123083,7.04174124,62.31842057,blackgram
27,62,24,28.63005477,66.770943,7.353876754,62.2737345,blackgram
27,60,17,26.41768321,63.64698302,7.026795359,64.42177127,blackgram
52,65,20,32.81705216,66.15665137,6.814301033,68.83924882,blackgram
44,55,25,29.6321052,65.91359954,7.42160832,71.16331975,blackgram
21,62,24,33.49077065,62.73317204,6.847382891,65.45328463,blackgram
60,59,22,31.86847286,66.74217464,7.191522601,74.22238583,blackgram
33,77,21,30.32992227,65.62971858,7.01285529,71.64631281,blackgram
59,58,17,28.546224,66.31394098,7.368318809,62.83469851,blackgram
29,63,17,30.02629908,67.88811637,7.26154329,66.47264636,blackgram
59,63,18,31.65531175,60.13263713,6.52669158,66.69096751,blackgram
29,70,15,30.33499674,63.54718862,6.872594461,74.16699119,blackgram
58,73,16,33.36984395,65.67718163,6.874142175,64.89517488,blackgram
55,77,22,31.4345059,62.99303471,7.76061831,64.77651469,blackgram
42,79,23,27.71678273,63.29103387,6.781841984,68.56507978,blackgram
44,77,21,32.63918668,61.3009051,7.326980454,61.83876146,blackgram
38,62,25,32.7477393,67.77954584,7.453975408,63.37784443,blackgram
32,76,15,28.05153602,63.49802189,7.604110177,43.35795377,lentil
13,61,22,19.44084326,63.27771461,7.728832424,46.83130119,lentil
38,60,20,29.84823072,60.63872613,7.491217102,46.80452595,lentil
11,74,17,21.36383757,69.92375891,6.633864582,46.6352865,lentil
37,71,16,26.28663931,68.51966729,7.324863481,46.13833007,lentil
29,71,18,22.17499963,62.13873825,6.410441476,53.46622584,lentil
2,72,18,26.57597546,60.97876599,7.836719564,50.89110726,lentil
6,59,21,26.58972517,66.14007674,6.139215944,50.90994463,lentil
13,64,20,19.1345771,62.57526895,6.590571088,36.46946971,lentil
8,58,17,28.75273118,69.15640149,7.286049978,35.15426171,lentil
6,77,20,25.78746268,60.2816298,6.058306161,49.14337177,lentil
2,75,22,23.89271875,61.78779413,6.658605362,52.55730112,lentil
3,69,23,28.67408774,63.18832976,7.299360767,42.96018627,lentil
27,80,24,28.42062847,61.77336343,7.815210661,49.02366803,lentil
39,78,15,21.35499456,62.60136323,5.925391795,41.78219834,lentil
40,79,17,21.12695586,63.18738532,6.403683619,38.71834464,lentil
37,62,22,24.02037872,61.62313345,7.397546271,49.78102578,lentil
31,60,24,25.40474421,65.8567539,7.722335992,51.92057267,lentil
22,67,22,29.03017561,64.49166566,7.475926645,54.9393771,lentil
3,78,18,20.21368219,68.65257685,6.887130053,50.89732989,lentil
4,80,16,29.19585548,68.01965728,7.441976825,44.93261911,lentil
13,61,24,18.29783597,69.6897615,7.629910253,49.39111479,lentil
12,66,20,27.41434987,63.41785982,7.336117221,44.43177543,lentil
4,61,21,24.84063998,60.09116626,6.75020529,48.77790371,lentil
9,60,21,29.94413861,67.31323084,7.52178027,40.37113729,lentil
18,66,22,25.87990287,67.55109024,6.347379185,47.89645224,lentil
32,56,18,20.0467711,65.84395319,7.135251532,46.05333124,lentil
6,72,15,22.99451999,66.70897237,7.670178119,54.49044154,lentil
15,77,20,25.13163619,66.92642362,7.399749291,49.04015558,lentil
0,65,24,28.49584395,62.44616219,7.841496029,53.14531023,lentil
30,79,22,18.28766124,69.48515056,6.254216611,48.60449438,lentil
3,63,16,24.38041875,61.18458224,6.868881708,53.13946695,lentil
2,78,23,21.31852148,66.43934593,7.320514721,45.42616802,lentil
10,78,18,18.54141834,62.70637578,6.296976913,44.07819743,lentil
14,67,25,25.28710601,60.85993533,7.241151936,49.37369982,lentil
39,65,23,25.43459777,69.12613376,7.685959305,41.02682925,lentil
19,72,15,28.83600962,69.76112921,6.890760124,44.08562546,lentil
18,57,21,27.37659643,63.93927841,6.155915975,49.47371773,lentil
31,58,15,28.31886863,60.19461399,6.167855382,45.36521251,lentil
28,58,25,27.4818649,62.04814951,6.861640036,37.81123974,lentil
5,65,19,18.28072173,68.10365387,6.978361689,48.80253285,lentil
16,65,19,27.61204997,69.29786244,7.043160241,42.72374404,lentil
34,65,19,23.43974653,63.22011726,5.94239222,45.40277297,lentil
14,69,19,20.95628486,63.68128841,7.239455147,52.39881209,lentil
22,55,16,23.7937153,68.03209183,6.516317561,49.73922097,lentil
24,61,17,22.6371424,65.44544859,6.233269045,38.30411077,lentil
2,79,15,21.53577883,65.47227704,7.505283615,35.75107592,lentil
26,63,17,29.87854588,65.73085206,6.950300686,44.95654782,lentil
27,61,15,25.2653291,67.10004577,6.958054839,48.33941188,lentil
24,70,16,25.17885316,68.93307305,6.54803469,35.03484812,lentil
13,74,25,24.12192608,61.09533545,6.461618577,44.23629285,lentil
6,64,23,23.33565221,67.40460704,7.065264073,36.18678721,lentil
12,58,23,21.74600081,63.39503184,6.765091462,50.43306085,lentil
32,79,22,27.60195453,63.46170674,5.91645379,54.37814199,lentil
6,68,18,24.388717,62.50453062,6.711341147,47.26052494,lentil
10,79,20,24.98287462,66.895409,6.379881442,38.21370568,lentil
38,77,22,28.234829,69.3159965,6.313284268,35.36831423,lentil
17,74,17,26.03026959,69.55863145,7.393210848,37.11395801,lentil
26,68,24,28.04849594,64.07691942,7.504930973,37.15824966,lentil
23,75,17,24.87425505,64.00213929,7.198076286,48.28137482,lentil
32,78,22,23.97081395,62.35557553,7.007037515,53.40906048,lentil
19,79,19,20.06003985,67.76252583,6.677262562,42.89509057,lentil
22,60,18,19.59221047,61.28633405,6.74398035,41.7704893,lentil
28,69,16,29.77013109,66.29327012,6.547361618,35.69674138,lentil
1,67,21,27.52135365,60.53657684,6.551577598,48.06491307,lentil
12,67,23,25.62896213,63.14909763,6.585020303,45.49683991,lentil
36,67,20,20.39078312,60.47528931,6.924042372,53.31508572,lentil
28,70,21,25.39038396,60.4989659,7.437373666,39.18374505,lentil
12,71,19,24.91079638,60.71367427,7.142611056,42.19740397,lentil
22,68,16,27.70496805,63.20915034,7.74672376,37.46160727,lentil
26,66,22,18.06486101,65.1034354,6.300479414,51.54922825,lentil
16,65,16,18.13027797,62.45851612,6.078724107,50.6128521,lentil
14,59,22,23.82723528,67.89815262,6.76660668,46.90725077,lentil
33,59,19,23.19305333,62.74710773,7.641024177,49.55213308,lentil
21,63,17,25.08966129,68.17543102,6.559681838,41.45486619,lentil
0,69,21,25.86928193,61.88321072,7.072923306,36.68284038,lentil
10,75,17,18.43966037,68.05394959,7.732194788,39.00992137,lentil
30,61,18,27.14911056,67.02664337,6.157782589,52.50812701,lentil
0,74,17,23.33375853,64.50515776,7.240988401,47.01510708,lentil
35,74,22,26.7230014,62.96841833,6.898905799,42.87274897,lentil
7,63,24,19.55750776,64.45268309,6.818681086,53.04669416,lentil
9,56,17,26.13708256,66.7729209,6.261937875,46.48280681,lentil
14,74,15,27.99990346,65.57653373,6.493036868,49.94043064,lentil
14,76,20,29.05941162,62.10652364,7.042474679,36.5011366,lentil
36,65,16,25.71269843,64.1123333,7.692013657,50.17067771,lentil
28,67,21,21.79792649,63.73086065,6.250994223,46.62370222,lentil
28,79,16,24.70626432,60.26854183,6.052184881,53.12442925,lentil
40,61,22,20.94981756,65.8108757,7.002216044,44.23913012,lentil
10,70,19,24.84918386,68.98088448,7.272427638,41.61080544,lentil
12,80,19,21.91041045,65.21662467,5.962001484,36.10211371,lentil
37,77,20,25.93381964,68.70533022,7.080506001,51.02372773,lentil
0,67,22,29.82112112,69.4073209,6.593798387,51.56461082,lentil
7,73,25,27.52185591,63.13215259,7.28805662,45.20841071,lentil
10,56,18,27.99627907,68.6428593,7.32710972,46.10585191,lentil
39,70,15,20.76774783,63.90164154,6.366355781,47.9271552,lentil
26,56,22,23.05276444,60.424786,7.011121216,52.60285259,lentil
9,77,17,21.65845777,63.58337146,6.280725549,38.07659414,lentil
4,59,19,26.25070298,67.62779652,7.621494566,40.8106299,lentil
34,73,15,20.97195263,63.83179889,7.630424083,53.10207889,lentil
33,77,15,23.89736406,66.32102048,7.802212437,40.74536757,lentil
2,24,38,24.55981624,91.63536236,5.922935513,111.9684622,pomegranate
6,18,37,19.65690085,89.93701023,5.937649578,108.0458926,pomegranate
8,26,36,18.78359608,87.4024767,6.804781106,102.5184759,pomegranate
37,18,39,24.1469628,94.5110662,6.424670614,110.2316633,pomegranate
0,27,38,22.44581266,89.90147027,6.738016221,109.3905998,pomegranate
31,25,38,24.96273236,92.40501423,6.497366677,109.4169192,pomegranate
21,21,38,22.5526059,89.3259486,6.327673765,104.8955643,pomegranate
6,30,40,22.77035608,91.45498527,6.36137446,106.9659201,pomegranate
25,27,41,19.20090378,94.27659596,6.923509371,108.0423555,pomegranate
15,11,38,23.12808226,92.68328358,6.630646083,109.3930157,pomegranate
14,5,36,24.92639065,85.19098079,5.832525853,104.7693804,pomegranate
16,10,41,24.77464458,85.63608688,6.738993954,105.7595811,pomegranate
36,7,37,19.8671184,86.35590206,5.782435567,108.3168858,pomegranate
4,20,41,24.26601316,93.7974061,6.537042717,104.5375109,pomegranate
29,22,40,23.62600218,89.73266695,6.145104401,107.6836871,pomegranate
16,15,42,19.67832052,89.08935702,6.890784045,108.5468633,pomegranate
18,27,41,22.36509395,92.30882391,7.175344328,104.8216333,pomegranate
11,18,42,21.57936934,94.88267728,5.938528744,102.8593382,pomegranate
5,15,38,18.26233221,88.16779129,5.709380472,108.0756727,pomegranate
18,23,44,23.71028128,89.61794165,6.184400085,105.6499907,pomegranate
9,8,40,22.48720144,89.9224883,6.553509673,111.6631582,pomegranate
40,27,45,21.6602498,94.79397419,5.885638185,112.4349689,pomegranate
22,23,44,20.13037175,89.31505137,6.143874691,107.3416913,pomegranate
9,16,39,18.41164435,91.11927248,6.101198974,105.1834976,pomegranate
12,29,40,19.68291173,89.75272999,6.594037135,111.2818551,pomegranate
0,17,42,23.20242586,91.19442671,6.859840821,109.0946323,pomegranate
2,21,44,18.92157197,87.31290342,6.56893406,102.8013275,pomegranate
28,6,40,22.10621387,91.34039616,6.769855664,106.8704803,pomegranate
8,23,44,18.47412402,89.68919664,7.130837931,108.4758509,pomegranate
29,16,36,19.81069447,88.92944254,5.740338002,102.860084,pomegranate
17,18,43,24.4880844,90.83687246,5.843005428,103.1969341,pomegranate
34,21,42,18.75927679,89.93457597,6.648687274,111.0196744,pomegranate
21,23,42,19.54128063,90.29751796,6.902751061,104.3739878,pomegranate
25,17,40,18.91251245,87.74938524,6.608023872,111.2800516,pomegranate
8,25,36,19.91330523,94.95031368,6.828522375,104.0277061,pomegranate
26,18,42,19.72620525,89.64934166,6.910374919,108.2287276,pomegranate
4,19,42,23.83185873,87.84034604,6.306605528,111.2232716,pomegranate
36,24,41,24.94467632,94.25702672,7.009180374,103.8799347,pomegranate
5,24,40,24.692258,93.87030088,6.297907579,104.6735454,pomegranate
19,17,39,24.72485577,85.56083187,6.728599215,111.2787584,pomegranate
39,30,38,20.12644921,87.59629625,6.965156738,108.065579,pomegranate
5,29,44,21.02432943,93.0569505,5.578095745,104.7847006,pomegranate
4,24,43,22.40423537,88.1508343,7.199504273,109.8695196,pomegranate
38,21,35,20.33691147,89.38003827,5.841367187,110.9653137,pomegranate
37,11,36,24.24779615,85.56033312,6.710143266,106.9216033,pomegranate
9,25,41,24.81530144,91.90842992,5.972714857,109.2853418,pomegranate
29,22,43,19.66329768,87.95158129,5.561851831,106.0380805,pomegranate
5,21,38,22.43377991,90.3396556,6.107054808,112.459697,pomegranate
22,26,38,22.92052307,85.12912161,6.988035315,110.2437841,pomegranate
4,18,37,22.91843172,85.40695044,7.13147457,106.2817706,pomegranate
21,6,41,24.88244467,89.39686219,7.086947687,107.1951707,pomegranate
29,21,45,23.40981539,93.13277,6.749260456,105.2240743,pomegranate
23,5,44,21.20725375,94.26304717,7.16300467,107.5660804,pomegranate
13,7,43,18.20230419,91.12282162,7.013481515,109.6623974,pomegranate
5,13,37,22.34375696,89.7870345,5.648243649,103.3183074,pomegranate
27,24,41,24.32770134,90.88292835,6.610251186,110.4606459,pomegranate
7,23,35,19.75088482,88.71691157,7.054313823,102.5538035,pomegranate
12,20,39,19.86173586,86.19740917,6.026999326,111.0217929,pomegranate
4,19,43,18.07132963,93.14554876,5.779427402,106.3602023,pomegranate
3,9,45,23.89162561,89.61850203,6.535244251,104.617522,pomegranate
1,27,36,23.98598756,93.34236582,5.684995235,104.991282,pomegranate
23,30,44,20.93892916,85.42912869,6.12476108,103.0295938,pomegranate
24,21,42,20.82210727,87.22815682,6.999014379,109.4429934,pomegranate
13,30,37,20.86474944,91.61793636,6.277148771,106.8685636,pomegranate
40,11,44,24.45840036,86.10874614,6.322396027,111.3779693,pomegranate
21,9,40,24.51147697,90.64498715,5.956401828,105.6209954,pomegranate
3,27,44,24.56811204,92.03009222,6.591302797,110.9633894,pomegranate
40,29,42,24.63228709,89.01574455,7.104094929,110.6956184,pomegranate
14,25,40,20.07386547,90.97819712,6.407872061,103.7084055,pomegranate
38,14,37,21.80523051,94.63612858,6.658402594,102.6488846,pomegranate
34,9,36,22.8122645,86.34233767,6.276038961,110.4432293,pomegranate
32,14,37,22.73031253,88.48567856,6.825256236,104.6843243,pomegranate
18,21,35,23.2801227,94.94330457,6.368560522,111.1382096,pomegranate
8,23,38,19.30106297,87.1775172,7.005410734,105.4766591,pomegranate
15,6,41,19.0087067,88.83768149,6.897368477,108.6793978,pomegranate
0,5,36,24.35193812,90.88612388,6.152906502,105.529185,pomegranate
22,9,44,24.72235539,88.87651295,5.744361602,112.1926517,pomegranate
14,8,43,21.92513945,94.46485312,7.051654924,111.7162016,pomegranate
31,11,45,24.83954414,86.88738076,6.034612928,107.6435771,pomegranate
39,17,45,18.09691127,90.42177379,6.924490731,104.88189,pomegranate
10,5,42,20.24104904,91.08706822,6.887005997,109.2537734,pomegranate
8,28,38,23.22594,94.42971362,6.8444019,105.6917856,pomegranate
32,13,42,23.50128217,92.97527546,5.786058032,106.61905,pomegranate
18,9,40,19.44623085,89.02127045,5.627186257,106.1606833,pomegranate
20,27,41,20.51343484,92.51675903,5.700088663,110.5764023,pomegranate
39,25,36,18.90223032,94.99897537,5.567805185,107.6103211,pomegranate
20,7,45,18.90592319,89.24126808,6.077886012,112.4750941,pomegranate
11,10,45,22.63045168,88.45577158,6.397995609,109.0357597,pomegranate
40,18,43,19.38603815,86.79058496,5.767372539,109.9130984,pomegranate
3,26,39,24.38318965,91.19431555,7.079973241,103.6012114,pomegranate
9,16,36,23.77989026,92.93386903,5.893332378,106.977723,pomegranate
30,20,38,22.59890174,93.16343942,7.058222596,110.0932899,pomegranate
40,9,41,24.37766782,85.4017118,5.78270695,106.128338,pomegranate
40,30,35,20.89273273,91.07776977,6.269663963,104.4407083,pomegranate
32,25,35,18.09903225,85.70786282,5.892913826,107.0050976,pomegranate
33,23,45,20.00218987,85.83618191,7.116538883,112.337046,pomegranate
4,14,41,19.85139326,89.80732335,6.430163481,102.8186358,pomegranate
13,17,45,21.25433607,92.65058936,7.159520979,106.2784673,pomegranate
39,24,39,23.65374106,93.32657504,6.431265737,109.8076178,pomegranate
8,28,37,23.88404783,86.20613842,6.082571701,108.3121789,pomegranate
91,94,46,29.36792366,76.24900101,6.149934034,92.82840911,banana
105,95,50,27.33368994,83.67675197,5.849076099,101.0494791,banana
108,92,53,27.40053601,82.96221306,6.276800323,104.9378,banana
86,76,54,29.3159075,80.11585705,5.926824754,90.10978128,banana
80,77,49,26.05433004,79.39654531,5.519088423,113.2297373,banana
93,94,53,25.86632408,84.42379269,6.079178788,114.5357503,banana
90,92,55,27.00932084,80.18546798,6.13465588,97.32531705,banana
108,89,53,29.55054817,78.06762846,5.808497604,99.34482238,banana
108,88,55,26.28845991,83.390039,5.891458107,113.8729798,banana
105,77,52,29.16226551,76.16151562,5.816622479,100.0075679,banana
118,88,52,28.65003945,82.68752542,5.843163161,98.75084366,banana
101,87,54,29.07311132,76.50045221,6.376756633,100.1692639,banana
95,75,50,28.08166093,75.26429821,5.623615687,118.2761894,banana
106,85,53,27.1994597,78.8086068,5.91505509,99.72430835,banana
86,95,49,28.05484146,78.04602887,6.458714879,108.3957179,banana
83,79,55,25.14748006,83.34688193,5.565028635,98.66679427,banana
85,95,47,25.94019018,78.3422098,6.211833161,119.84797,banana
109,79,45,27.66752761,79.68542782,6.490074429,108.66464,banana
100,76,45,25.56703012,75.94067692,5.590236025,102.7867717,banana
117,86,48,28.6956201,82.54195839,6.225225239,116.1616839,banana
114,94,53,26.33544853,76.8532006,6.190757459,118.6858263,banana
110,78,50,25.93730186,78.89864446,5.915568968,98.21747528,banana
94,70,48,25.13686519,84.88394407,6.195152442,91.46442491,banana
80,71,47,27.50527651,80.79783998,6.156373499,105.0776992,banana
114,79,51,26.21009246,82.34429458,6.313197204,112.0700033,banana
88,78,45,29.10403455,79.19588629,6.324270089,92.07835761,banana
112,73,48,29.2440638,77.32017166,5.707488987,90.66727868,banana
117,76,47,25.56202173,77.38229006,6.119216009,93.10247183,banana
111,87,48,26.3985515,81.36028902,5.571401169,98.16752001,banana
89,83,47,28.09577643,77.79586769,5.63127166,109.5408614,banana
93,91,47,27.84767901,83.31110751,6.101241579,117.2878912,banana
92,81,52,27.39341554,81.4654833,6.438137279,94.31102057,banana
105,74,45,25.14517635,81.38204104,6.098369122,119.218154,banana
102,71,48,28.65456263,79.28693687,5.695267822,102.4633775,banana
94,91,51,29.16093424,76.67484233,5.618094446,109.575944,banana
116,71,47,27.57278064,82.0638878,6.435785799,91.34276507,banana
117,79,49,25.40909896,82.36208097,6.176644228,112.9794804,banana
119,72,55,25.99069521,83.33983116,6.220643671,112.0777152,banana
99,73,53,26.29039046,81.06003778,5.871702211,118.6730366,banana
91,84,52,29.14827211,78.71024836,6.390741836,117.536781,banana
80,90,47,26.59743595,79.35898915,6.21084479,107.3944717,banana
101,70,48,25.36059237,75.03193255,6.012696655,116.5531455,banana
108,89,53,29.12036889,80.18080728,5.908770059,112.3982055,banana
100,80,52,27.53911354,77.25629897,6.049801781,110.3262123,banana
109,91,53,29.66727337,83.51014178,6.010095853,110.2511102,banana
82,78,46,25.05802193,84.97323747,5.738678895,110.4408803,banana
106,70,55,25.86824781,78.52399914,5.74055541,116.3019555,banana
90,86,52,25.85036988,81.95580471,5.793260262,119.0856171,banana
83,95,50,26.51682337,77.79913575,5.50947065,108.8547508,banana
119,90,48,28.66725136,79.59242542,5.986442306,118.2583441,banana
107,72,45,28.14938935,81.54448882,5.790768046,91.40508414,banana
116,81,55,26.42313317,83.6995044,5.915546415,95.12322062,banana
101,75,50,26.59386409,81.40740301,6.242528278,109.9825551,banana
93,81,50,27.71822477,76.57853189,6.036079266,102.2099836,banana
95,75,45,28.98333432,82.95958244,5.829898502,109.022564,banana
107,71,55,29.42017919,83.96754496,6.088064451,117.229079,banana
83,94,47,27.39872329,81.10523402,6.469370954,112.1355384,banana
102,73,54,26.4020227,84.41007614,5.720726906,111.0162259,banana
86,79,45,27.81251452,82.69285419,5.80766417,99.20961514,banana
117,86,53,25.19640218,83.55829874,5.703381728,115.8586081,banana
111,79,53,28.31193338,75.77363772,6.165001278,119.695765,banana
95,74,50,25.90113128,80.47152737,6.002481605,110.10323,banana
91,75,55,27.48612983,76.11239849,6.212369363,109.2768851,banana
93,83,46,29.38254012,83.50423735,5.765308943,109.2486647,banana
92,85,51,29.22118628,81.08183635,5.740764682,108.8616474,banana
104,80,54,27.09062164,81.33506906,5.879119455,110.1331182,banana
103,72,51,26.12643374,81.81365007,6.099478745,104.4812858,banana
92,75,45,29.01207743,77.95192527,5.674403359,90.43495443,banana
93,85,49,27.96799119,79.28625709,5.694243847,119.4765557,banana
120,87,52,28.0764455,76.05522115,5.905494703,118.9923573,banana
108,72,46,25.16278237,84.97849241,6.110844721,90.94554618,banana
105,88,54,25.78749808,84.51194224,6.020445317,114.2005455,banana
98,79,50,25.34119774,84.47321314,6.435917308,91.06493353,banana
111,88,55,29.44795403,78.34971537,5.505393833,96.45042585,banana
97,74,45,26.47522633,78.51833782,5.677719902,113.1161095,banana
95,82,48,27.39489579,83.31172003,5.719014989,92.78133617,banana
89,91,55,25.08347445,80.261731,6.275572298,94.32961456,banana
89,85,55,26.6719835,76.48541655,6.275384607,91.73358569,banana
118,88,51,25.44926208,79.49221962,6.201911642,100.6619171,banana
101,92,45,28.22776705,80.6430384,5.758054257,98.00403016,banana
99,92,47,28.1279509,77.48247073,6.323933647,103.5045395,banana
82,77,46,28.9470467,82.1888998,5.901100841,95.83016448,banana
90,86,55,27.96236771,84.15403614,5.644486582,97.55986676,banana
95,88,52,28.00316034,78.90085998,6.235461772,94.68180316,banana
104,73,46,29.1400919,80.1190228,6.28236237,90.45142867,banana
102,73,52,27.9122104,83.36307683,6.356090905,90.24211529,banana
100,74,52,25.43480512,81.53977797,5.837258235,96.47800391,banana
94,89,48,28.55980972,84.51602322,5.653437902,111.0843029,banana
99,70,46,26.59580783,82.99556744,5.727469947,100.5123341,banana
112,87,48,27.19711623,77.3970629,6.200111068,99.46950465,banana
117,82,45,25.29391516,79.29122198,5.614471478,105.4220251,banana
96,86,51,29.90888522,76.98740841,6.257369799,91.99964712,banana
113,85,45,27.94972463,76.63713353,6.037430836,109.0921631,banana
105,93,46,25.01018457,78.76260938,5.760457558,108.3690513,banana
85,89,51,29.21144871,84.70189923,6.158164422,108.5501443,banana
108,94,47,27.35911627,84.54625006,6.387431383,90.81250457,banana
92,81,52,28.0106804,76.52808057,5.891413895,103.7040783,banana
110,71,54,28.67208915,82.20793613,5.725418961,94.37987496,banana
82,75,55,27.34585147,78.4873835,6.281069505,92.15524332,banana
117,81,53,29.50704598,78.20585613,5.507641778,98.12565829,banana
2,40,27,29.73770045,47.54885174,5.954626604,90.09586854,mango
39,24,31,33.55695561,53.72979826,4.757114897,98.67527561,mango
21,26,27,27.00315545,47.67525434,5.699586972,95.85118326,mango
25,22,25,33.56150184,45.53556603,5.977413803,95.70525913,mango
0,21,32,35.89855625,54.25964196,6.430139436,92.19721736,mango
20,19,35,34.17719782,50.62161586,6.113935087,98.00687989,mango
19,21,34,30.01592643,53.19212381,5.074272692,97.72843182,mango
18,17,31,31.74592134,45.16127859,5.667507706,93.75441586,mango
11,36,33,35.99009679,52.22780489,5.978634285,95.3713484,mango
30,28,30,31.86641378,52.19331595,5.064613314,98.46768642,mango
18,19,27,27.75518664,52.34605806,4.772385986,94.11213345,mango
23,23,27,34.72413192,51.4271781,5.161148592,97.31258083,mango
37,30,34,27.53907547,53.63549533,6.797779227,99.35408185,mango
11,27,30,27.69637763,48.5622488,6.39474303,89.85646496,mango
12,19,31,27.25373364,52.66319725,5.566704378,91.87312479,mango
3,28,33,30.33723921,48.88704844,5.755049971,94.42850522,mango
37,38,32,31.85744939,45.53106268,5.417340525,91.55845821,mango
26,37,30,35.39986338,49.45962621,6.166173834,97.41054011,mango
14,18,30,29.80747243,52.13797867,5.191265116,95.74606104,mango
40,16,35,34.16438906,54.16482251,4.954739564,98.33351125,mango
4,20,25,28.93270187,47.94053996,5.664587011,99.9834242,mango
36,25,33,27.98392787,53.33018851,5.548584852,99.61465679,mango
30,17,31,31.20478173,54.49960506,6.804437106,94.62954663,mango
28,37,28,32.13409675,50.52559148,6.097869767,98.63333684,mango
38,15,30,28.91862016,48.13974548,5.075504537,97.01331604,mango
12,37,30,31.09779147,47.41196659,4.546466109,90.28624348,mango
38,19,31,34.73823882,49.08864345,5.855119268,90.65022183,mango
8,33,29,29.98080499,49.48613279,6.442393461,91.82271568,mango
15,27,28,33.80398664,46.12866113,4.507523551,90.82549241,mango
34,16,25,30.07202564,50.96040505,6.10729559,92.09609766,mango
11,36,31,27.92063282,51.77965917,6.47544932,100.2585673,mango
33,29,34,31.40948821,49.21729127,6.832979509,92.99739415,mango
12,31,26,35.7877738,51.94190321,5.395275719,100.2160615,mango
12,34,28,33.36140093,45.02236377,6.13526938,98.81596545,mango
5,16,31,35.96054636,48.69677802,4.555688532,98.00644238,mango
1,30,29,28.33333307,51.39586505,6.434197756,91.67241761,mango
16,35,31,32.27652024,50.19368841,5.316875978,95.99487068,mango
35,18,26,31.99490489,50.84881347,5.279388967,97.38741498,mango
4,40,26,27.58258929,48.56916221,6.720041791,95.8445641,mango
9,29,34,29.38471637,45.88744691,5.72742254,100.8124659,mango
2,38,33,32.38697531,53.2328243,4.691396195,90.21633216,mango
26,32,32,30.91471455,49.92963856,6.810186079,90.14047759,mango
34,38,31,35.37775595,45.58110023,6.454045329,97.41586402,mango
5,32,33,32.32362177,52.5896771,5.842763773,93.36718816,mango
31,29,26,28.22373428,47.40519056,5.024124684,97.76832322,mango
34,34,35,27.27433181,47.16808054,6.422710539,95.257992,mango
36,19,32,27.10710832,50.70880979,4.94295037,92.37238878,mango
7,17,26,34.89226666,48.75613373,6.414526606,91.63074547,mango
38,15,27,33.7462686,48.50387598,6.777788126,92.26439205,mango
5,19,25,27.3511056,54.43945147,6.441328044,96.27792547,mango
37,36,26,32.89300162,52.61323969,4.650536197,94.49161372,mango
21,31,32,35.38598705,51.42664176,5.254532213,90.29643888,mango
37,36,27,27.5529736,47.90859131,5.910634533,90.40332704,mango
23,23,30,32.82141065,47.45553843,4.755273631,90.89173106,mango
36,26,26,30.17294105,51.0845903,6.814630246,95.23444287,mango
24,33,35,29.26382931,54.82257868,5.342866119,100.7586226,mango
26,18,30,32.06097197,51.08494181,6.336234624,96.59816497,mango
22,17,26,28.69818144,47.71875722,4.754435025,99.642454,mango
11,34,32,29.14305008,49.40983294,6.831706773,97.55155537,mango
29,35,28,28.3471611,53.53903102,6.967417766,90.40260445,mango
22,28,26,27.67256197,45.41692012,4.947683034,92.84991507,mango
23,24,32,28.1218093,46.16888595,5.630619901,93.30247448,mango
1,35,34,30.79375683,46.69536813,6.27339822,92.21318555,mango
2,24,34,28.89409382,54.80750249,6.472774648,94.76322976,mango
39,37,25,33.33024826,45.61143594,6.953246506,98.28583013,mango
15,36,27,27.78912455,53.96886679,5.643710216,91.01152997,mango
3,18,31,31.65333432,48.20662669,6.392313973,91.09745581,mango
8,38,32,29.75150773,46.73723302,4.981816523,91.405983,mango
33,31,34,31.32995611,50.22287593,5.421265283,89.78216168,mango
14,29,32,35.63627319,48.97047762,6.942520105,97.51952041,mango
18,20,26,31.66524687,51.98594645,5.435840509,89.98024312,mango
9,21,32,32.26935342,53.56092806,5.870116071,95.94035356,mango
20,30,27,27.81005614,51.59445462,4.74910393,95.89898581,mango
9,38,25,34.58561471,50.34035336,5.497946899,100.3060719,mango
26,24,34,31.27180992,52.23810152,6.811291098,89.74409017,mango
31,36,29,33.93679864,52.72170281,6.460542749,97.4611918,mango
14,18,35,31.09154239,47.02058367,4.791146778,91.46664318,mango
40,16,35,31.89356292,49.02450149,6.4841522,89.59371481,mango
28,27,34,32.45465292,50.69693751,6.526654345,95.04871605,mango
0,17,30,35.47478322,47.97230503,6.279133738,97.79072474,mango
1,29,29,27.32961444,49.30347234,6.052026047,93.53197359,mango
2,36,31,30.90225239,49.95955487,5.73171945,91.77522598,mango
12,27,26,29.09382275,45.5661059,5.32307197,96.23520043,mango
7,28,35,30.02086169,46.78393776,4.66910839,96.63721027,mango
0,36,26,34.13072188,51.25786185,5.101206389,96.38808001,mango
26,35,31,33.44619894,53.05980465,5.339556562,98.05089394,mango
27,21,30,35.3915464,52.48823147,5.061081874,91.22881052,mango
22,38,31,31.53356352,53.06009323,5.821106036,98.57025046,mango
22,18,31,30.7645515,47.93791463,5.956027059,90.38503469,mango
28,23,28,30.01821337,50.0983181,5.676032581,96.08745082,mango
7,31,27,31.32863689,47.59319575,6.524114355,94.67344737,mango
29,34,26,33.88004781,54.39416048,6.273953676,89.29147581,mango
8,37,33,28.07802689,54.9640534,6.128167757,97.45373619,mango
39,16,27,35.53845018,52.94641947,4.934964765,91.54560427,mango
40,24,25,28.70595247,50.44030129,5.445008416,95.8946444,mango
19,38,26,31.48451729,48.77926304,4.525722333,93.17221967,mango
21,21,30,27.69819273,51.41593238,5.403908328,100.7720705,mango
22,18,33,30.41235793,52.48100602,6.621623545,93.92375879,mango
31,20,30,32.17752026,54.01352682,6.207495815,91.88766069,mango
18,26,31,32.6112614,47.74916499,5.418475257,91.10190759,mango
24,130,195,29.99677232,81.54156612,6.112305667,67.12534492,grapes
13,144,204,30.7280404,82.42614055,6.092241627,68.38135469,grapes
22,123,205,32.44577836,83.88504863,5.896343436,68.73932528,grapes
36,125,196,37.46566825,80.65968681,6.15526103,66.83872293,grapes
24,131,196,22.03296178,83.74372787,5.732453638,65.34440794,grapes
2,123,198,39.64851881,82.21079946,6.253034534,70.39906054,grapes
35,140,197,16.77557314,82.75241875,6.106190557,66.76285469,grapes
11,122,195,12.14190714,83.56812483,5.647202395,69.63122027,grapes
6,123,203,12.7567962,81.62497448,6.130310493,66.77844567,grapes
17,134,204,39.04071989,80.18393287,6.499604931,73.88467027,grapes
25,130,197,39.70772192,82.68593454,5.554831977,74.91506217,grapes
27,145,205,9.467960445,82.29335466,5.800242694,66.02765219,grapes
9,122,201,29.58748357,80.91934392,5.570290539,68.06417307,grapes
16,139,203,17.82803682,80.96093443,6.27564088,65.84748763,grapes
32,141,204,8.825674745,82.89753705,5.536645599,67.235765,grapes
22,138,195,27.83487131,83.51444973,6.208196881,73.02882766,grapes
31,144,202,11.02105378,80.55557235,5.870600622,68.23963161,grapes
3,136,205,17.5862944,80.84806564,6.334771461,71.4065452,grapes
28,122,197,19.89363946,82.73366439,5.856575335,69.66256816,grapes
4,136,204,29.93707596,81.77713468,5.898944282,65.52279323,grapes
39,145,201,36.73126647,80.58931938,5.775600435,72.24230804,grapes
38,132,197,20.42094753,81.54185044,5.931101816,66.93065667,grapes
36,133,198,25.51939719,83.98351748,6.2286454,69.17281221,grapes
25,121,201,30.50734778,82.71775569,5.594240603,70.08200379,grapes
15,125,199,18.4269936,80.55625868,5.569230319,69.75734306,grapes
24,140,205,12.087022,83.59398734,5.93202852,68.66813363,grapes
13,132,203,23.60115364,82.48336987,6.423216506,73.23901752,grapes
5,126,197,12.80000387,81.20876367,6.417500829,67.10439401,grapes
30,120,200,38.06099482,82.24729637,6.234904253,65.70148216,grapes
23,142,197,39.06555518,82.03812973,6.000573725,69.30772897,grapes
26,135,203,33.78372897,81.16314317,5.685102769,74.53557341,grapes
7,126,203,16.76201707,82.00335557,5.662140095,73.28712806,grapes
32,139,198,35.89307536,82.66850729,6.358186848,66.53946559,grapes
9,141,202,21.01245395,81.17931863,6.119495295,66.38448261,grapes
20,142,196,10.89875873,80.01639435,6.207600783,68.69420397,grapes
32,129,201,16.36251869,83.00471609,6.48754639,71.55665483,grapes
3,134,199,20.28370163,81.32235739,5.81717753,71.06611222,grapes
38,138,204,25.11108456,83.25447587,6.325480034,73.01026829,grapes
14,131,198,33.4641162,83.86742974,5.562790949,67.92204319,grapes
20,122,204,11.7976469,80.86325389,6.487369687,65.06962486,grapes
40,126,201,11.36300891,80.03100049,6.116982944,71.18289431,grapes
36,128,204,25.23542319,80.68700527,5.695792761,67.03840888,grapes
11,132,197,15.99050693,81.23966573,5.734317007,74.40198861,grapes
0,137,195,22.4359017,80.18612085,6.329499832,65.3973168,grapes
19,123,200,34.76086052,81.03544763,6.167013532,65.70430027,grapes
31,136,197,31.11047251,83.34010951,5.653776058,71.43001582,grapes
4,134,200,28.57828803,80.95628959,5.840256272,73.34232097,grapes
39,139,201,41.18664903,81.01783402,5.539980812,68.68895899,grapes
8,127,196,27.02766138,83.17093908,5.833302165,70.95666003,grapes
39,138,203,21.19339319,82.33098331,6.399433771,74.62834921,grapes
32,120,204,10.38004759,83.44518113,6.138958698,67.3917379,grapes
12,142,203,31.3115978,82.56407013,5.972850838,65.01095312,grapes
8,133,195,20.46657776,80.97598029,6.456079585,71.29813872,grapes
8,139,199,29.36947679,81.53996362,6.336426667,66.13442813,grapes
21,134,202,10.72302459,80.02130636,6.425419926,65.2982112,grapes
40,140,195,14.97846952,80.49979873,6.294395676,71.63437433,grapes
39,127,202,15.3246651,81.67215994,6.477768039,71.60102999,grapes
19,120,195,18.73932187,81.12109244,5.931538447,73.55807954,grapes
21,139,201,19.3642553,83.36094029,5.980598579,67.15094741,grapes
17,136,195,41.20733624,81.61051026,6.389783283,65.90227462,grapes
33,139,203,33.34214482,82.51034633,5.693287415,70.68098614,grapes
22,133,201,23.81995682,80.12211649,6.00299607,67.2739864,grapes
32,130,196,40.66012294,81.24995984,6.372959542,74.03030056,grapes
37,135,205,11.82768186,80.2827185,5.510924849,74.10225057,grapes
15,140,195,13.28504331,83.54193816,5.69945282,65.80006004,grapes
39,132,196,35.83089092,83.32560104,5.778594403,73.67984885,grapes
40,121,199,26.18159716,81.03886263,6.315586313,66.05911698,grapes
40,132,202,24.57558351,80.70695797,5.971813006,69.706113,grapes
29,142,203,29.67229086,83.71498986,5.891195653,66.48490371,grapes
32,121,199,39.37102553,81.25353895,6.129812716,74.08101744,grapes
6,140,205,17.66558428,82.92903419,6.313085601,69.8671263,grapes
8,120,196,24.06679352,82.66396666,6.053662544,69.81855775,grapes
34,133,202,15.31413469,80.09711412,5.804799142,74.82144653,grapes
35,135,199,21.77466746,80.54942557,6.400719746,69.39630398,grapes
16,145,199,26.91624843,80.76838926,5.953966361,69.30927185,grapes
8,136,201,41.65602996,82.22118237,5.609255992,74.19664838,grapes
25,129,195,17.98667801,81.17712085,5.777271492,72.37127689,grapes
16,130,201,29.12033769,82.79092939,5.682395429,68.8503047,grapes
39,129,203,34.38922481,83.18392806,5.863996687,71.03001556,grapes
38,135,203,41.36106301,82.79782954,6.444373116,69.92107482,grapes
33,120,205,35.12158265,82.26890793,5.550832178,69.71518491,grapes
35,125,204,19.6491772,80.15215777,6.107741788,73.69529586,grapes
1,132,200,16.27852801,82.94270065,5.620745638,66.57462809,grapes
39,140,203,21.11903604,80.63399198,6.349875906,69.27779761,grapes
28,145,202,19.2077707,82.9042841,6.484323189,66.83113717,grapes
6,128,200,25.96308415,82.57813624,5.838748311,70.31782647,grapes
6,139,199,25.67385024,81.6212135,6.29099842,74.10919422,grapes
29,122,196,41.94865736,81.15595212,5.638328481,73.06862952,grapes
37,144,197,11.18994268,80.8084305,6.415555956,66.34234944,grapes
38,120,197,17.5438296,82.94703302,6.323722572,73.77063744,grapes
38,141,198,13.05809741,80.28297993,5.757009965,70.75633584,grapes
14,121,203,9.724457611,83.74765639,6.158689406,74.46411148,grapes
6,125,204,27.92004934,82.93262435,5.733539807,69.92092839,grapes
32,138,197,9.535585543,80.73112694,5.908724337,69.44115171,grapes
11,124,204,13.42988625,80.06633966,6.361141107,71.40043037,grapes
23,138,200,9.851242629,80.22631717,5.96537863,68.42802444,grapes
40,143,201,24.97256132,82.72828653,6.476757723,66.70016285,grapes
6,142,202,27.23708304,82.94573346,6.224542938,70.42508897,grapes
37,124,195,18.70679077,83.4795292,6.209928251,66.5964488,grapes
35,134,204,9.949929082,82.55138983,5.841138354,66.00817551,grapes
119,25,51,26.47330219,80.92254421,6.283818329,53.65742581,watermelon
119,19,55,25.18780042,83.44621709,6.818261383,46.87420883,watermelon
105,30,50,25.29954705,81.77527562,6.37620108,57.04147057,watermelon
114,8,50,24.74631269,88.30866319,6.581587932,57.95826144,watermelon
93,22,52,26.58740671,81.32563243,6.932739726,41.87540028,watermelon
80,26,55,24.53442564,88.989272,6.140099215,49.11618732,watermelon
85,27,45,26.0713757,88.7285657,6.467095849,57.79652846,watermelon
85,22,53,25.96534238,89.77076659,6.849471704,59.46338556,watermelon
82,22,45,26.22338015,85.34866045,6.512196212,54.60159289,watermelon
118,13,54,24.41311871,89.81574032,6.039584629,44.07843475,watermelon
83,25,53,26.49195283,80.04678201,6.057697106,57.72799157,watermelon
86,15,47,24.04355803,84.18406764,6.423898762,53.78929956,watermelon
101,10,47,25.5421695,83.31883376,6.936997681,57.57343233,watermelon
119,9,50,26.74550678,83.9195902,6.251286661,40.794305,watermelon
104,17,46,25.7131428,80.22972777,6.190015912,43.08961827,watermelon
95,12,51,25.76484262,84.1726996,6.681606702,44.22066914,watermelon
102,14,52,26.79489868,89.64815231,6.51075991,57.74091817,watermelon
109,21,55,24.9004602,89.73524177,6.770278088,57.44942094,watermelon
81,18,50,26.80750629,88.22874955,6.429788073,58.79889057,watermelon
103,17,51,25.11189154,80.02621335,6.209888345,44.20656987,watermelon
105,14,50,26.2148837,87.6883982,6.419052193,59.65590798,watermelon
97,8,52,24.9103226,86.97190046,6.237861736,49.48575692,watermelon
120,19,49,25.79448878,84.26830701,6.762471629,56.45229202,watermelon
95,16,55,25.26931156,87.55055105,6.612847999,40.12650421,watermelon
83,29,52,25.76402693,87.5931128,6.704688865,46.05122728,watermelon
83,9,45,25.85483596,89.13163965,6.049609892,46.85176955,watermelon
91,21,50,24.33528185,81.44030363,6.762030215,48.32113628,watermelon
116,5,54,25.37601283,80.99313508,6.65398725,57.23028471,watermelon
112,28,54,24.86094646,85.05318563,6.738030547,55.29563514,watermelon
88,29,51,24.71885473,88.94568335,6.095689937,48.45978627,watermelon
118,15,45,24.21495706,84.20576992,6.538006356,48.01138482,watermelon
92,21,48,25.81692236,82.043255,6.377427122,54.82963379,watermelon
106,14,45,24.47018505,84.16390229,6.417011754,57.26773002,watermelon
99,5,47,24.13078816,84.84494575,6.649086972,51.19470197,watermelon
98,8,51,26.1793464,86.52258079,6.25933595,49.43050977,watermelon
108,22,46,26.17668721,86.7295205,6.121168559,53.33484977,watermelon
119,7,55,26.03867719,84.6378378,6.031424482,44.3993381,watermelon
117,27,48,26.53259325,82.39053979,6.835268184,54.30660782,watermelon
109,10,53,26.81938687,87.8274604,6.551750306,46.06193778,watermelon
80,16,46,25.50405534,81.40297428,6.940236218,48.47833278,watermelon
100,18,52,26.20234499,80.38266489,6.87606733,56.47941847,watermelon
91,7,53,25.13735887,89.28272716,6.457216535,43.52897517,watermelon
86,6,53,25.92030221,83.47202566,6.921847888,42.10681516,watermelon
107,5,52,26.6634609,89.98405233,6.881425746,57.40847165,watermelon
103,16,49,24.06731461,81.64075303,6.915717008,51.75212401,watermelon
101,20,48,24.6774157,82.75411437,6.206247494,57.05709413,watermelon
85,25,47,26.11440416,87.64081095,6.29542477,58.48160844,watermelon
84,7,51,26.81530456,87.65694462,6.399669044,55.74073582,watermelon
102,28,54,25.15623099,80.27525115,6.862157042,55.49541453,watermelon
98,25,52,25.2801372,83.15393658,6.224066378,49.29456609,watermelon
97,25,50,26.22005978,80.90127035,6.093814669,49.08553937,watermelon
90,16,45,24.92093261,80.61750795,6.291540278,50.55710813,watermelon
95,12,46,26.21667586,81.01009354,6.32281728,54.65423596,watermelon
82,23,49,26.81383586,87.21986949,6.873283991,51.70497792,watermelon
82,25,51,24.31334971,87.47409052,6.074209622,48.11248366,watermelon
110,28,46,24.29105004,88.04541346,6.49889585,51.26046418,watermelon
118,21,51,24.42998931,86.33904774,6.678805092,48.58241822,watermelon
120,20,45,25.66576039,88.6984228,6.114128685,54.22722466,watermelon
91,7,52,25.07803672,83.46230461,6.405054243,56.39962921,watermelon
81,6,55,24.88910524,85.87059083,6.110142735,51.70699144,watermelon
101,13,54,25.42900869,82.91481799,6.828982708,56.34144589,watermelon
101,17,55,24.37118217,87.1269128,6.451499764,44.63907691,watermelon
111,6,53,26.4930645,88.59143088,6.313512999,46.06382209,watermelon
107,10,49,25.83202912,89.00481725,6.755192025,45.24690619,watermelon
115,11,46,24.41592661,89.39655519,6.623167177,40.32161859,watermelon
84,25,52,24.37190239,81.2514818,6.12532356,44.20899581,watermelon
120,7,47,24.24782473,83.03687902,6.653867608,54.7657624,watermelon
91,12,46,24.64458469,85.49938185,6.343942518,48.31219031,watermelon
89,22,52,24.89681131,86.10782926,6.217300786,53.14626213,watermelon
113,19,46,25.41864024,81.12122989,6.286387658,49.52320689,watermelon
97,22,50,26.26028739,86.14585891,6.7698938,58.97878791,watermelon
117,30,50,24.90123934,87.20772913,6.744966312,46.59207341,watermelon
90,14,52,24.84740848,89.20454622,6.391858432,59.67927244,watermelon
104,23,47,26.98212846,86.70068316,6.770434148,42.91292205,watermelon
81,16,45,26.90435747,86.25426228,6.727468157,59.75980023,watermelon
88,5,47,25.86475496,86.67468041,6.662244646,41.16554802,watermelon
92,7,45,26.70607759,81.14149505,6.944640222,51.51033554,watermelon
81,18,50,26.44019475,80.91934337,6.507110986,47.81847573,watermelon
111,5,55,26.283443,84.42478917,6.520663422,50.78669728,watermelon
108,23,51,26.84366082,83.85039964,6.106500787,40.228644,watermelon
113,30,50,26.03967219,83.9862443,6.277484043,43.87712348,watermelon
83,10,53,24.92994759,85.00802358,6.195142279,48.75859458,watermelon
101,11,51,25.50736962,84.24340241,6.792035575,44.2068997,watermelon
114,21,55,25.4438391,87.9392312,6.472756256,57.51549686,watermelon
99,6,45,26.12588914,86.5507939,6.000975617,40.71210074,watermelon
92,20,55,25.10474753,87.5267616,6.587791262,59.26519444,watermelon
92,7,48,26.27520631,86.63249555,6.956508826,54.38748495,watermelon
91,24,55,26.27061608,83.09194521,6.259086583,46.76837499,watermelon
110,21,54,26.73690828,87.82430156,6.747537642,47.46447019,watermelon
112,25,51,25.04746944,85.5667282,6.932537231,56.72496677,watermelon
89,25,54,24.69368934,85.56967628,6.353107393,48.99390828,watermelon
100,10,53,24.54356968,84.60808277,6.211748957,42.00660251,watermelon
83,22,54,25.89762315,81.96664832,6.277245254,54.49960057,watermelon
95,14,50,26.6333118,84.31756844,6.560443519,56.31866159,watermelon
119,30,49,25.35794749,80.45846265,6.903020221,47.72078245,watermelon
97,12,47,25.28784623,89.63667876,6.765094964,58.28697664,watermelon
110,7,45,26.63838589,84.69546874,6.189213927,48.32428609,watermelon
96,18,50,25.3310446,84.30533791,6.904241707,41.53218699,watermelon
83,23,55,26.89750174,83.89241484,6.463271076,43.97193745,watermelon
120,24,47,26.98603693,89.4138489,6.260838965,58.54876687,watermelon
115,17,55,27.57826922,94.11878202,6.776533055,28.08253201,muskmelon
114,27,48,27.82054812,93.03555162,6.528404378,26.32405487,muskmelon
101,25,52,29.09910406,94.22237826,6.750145572,22.52497327,muskmelon
118,18,52,28.04943594,90.83130708,6.562832807,20.76223014,muskmelon
95,26,45,29.91690582,94.55695552,6.117530021,28.16057247,muskmelon
81,25,49,29.86895762,93.25103208,6.076459669,26.26243014,muskmelon
117,24,53,29.17220859,92.21405224,6.293486295,21.30290472,muskmelon
114,30,51,29.24908541,90.06998135,6.069171847,25.93496537,muskmelon
113,6,52,27.76317235,90.35567642,6.740983646,25.21609113,muskmelon
108,26,52,28.82629037,94.26765349,6.201797639,26.23838511,muskmelon
81,30,48,28.52379742,92.09688432,6.041027474,29.86681385,muskmelon
115,9,52,29.06785065,90.97685539,6.019372459,29.1194739,muskmelon
83,7,45,29.08417927,90.73891887,6.704104127,25.33014238,muskmelon
84,21,55,28.47090661,94.79453182,6.494251024,21.08484101,muskmelon
109,26,45,28.27973674,90.38971208,6.224535449,21.58992507,muskmelon
95,27,55,28.47212559,91.21322065,6.160414414,20.88620369,muskmelon
119,5,55,29.68846716,94.30111601,6.168757984,26.83924845,muskmelon
110,14,51,27.02415146,91.66737633,6.085444691,21.26034986,muskmelon
82,18,48,29.09588297,94.16748386,6.159050816,26.70581328,muskmelon
87,14,48,29.69238699,92.58862544,6.606033244,29.1102594,muskmelon
85,9,53,28.20619412,92.86798698,6.447662945,28.78654515,muskmelon
100,6,53,29.05248036,93.92217834,6.105909623,23.66620626,muskmelon
107,12,46,29.57240298,93.61870344,6.559763394,27.56918621,muskmelon
91,13,47,29.10968327,92.43510994,6.14410903,27.95602304,muskmelon
102,25,50,28.20480805,92.91440379,6.099662369,20.36001144,muskmelon
117,25,53,29.11858526,92.12543021,6.413927319,24.52020164,muskmelon
85,21,52,29.62800691,90.10051615,6.075144116,23.69586761,muskmelon
104,25,55,29.81196601,90.36881284,6.123802502,22.68766503,muskmelon
102,24,54,27.72338349,90.93897939,6.698468621,22.81863447,muskmelon
116,25,50,29.26092798,92.92367701,6.088885814,28.70627683,muskmelon
100,17,48,29.72791119,94.29753295,6.367800632,26.52364146,muskmelon
110,25,54,28.91105641,90.78413842,6.425930938,23.44398467,muskmelon
104,25,51,28.96361426,93.88482153,6.469983276,23.56130173,muskmelon
107,11,54,28.59052369,91.33617236,6.094016338,29.44008034,muskmelon
98,26,52,27.33897716,90.69759008,6.150090899,28.69113835,muskmelon
88,17,52,29.90415889,90.75284363,6.646962425,25.37828397,muskmelon
87,25,46,27.42711692,90.02696201,6.379690748,21.7508774,muskmelon
120,8,46,29.55657523,90.70937262,6.732834334,28.36535596,muskmelon
95,13,46,29.84070774,93.76312893,6.126019932,23.28207838,muskmelon
108,22,47,28.53545677,91.72742702,6.161123579,25.1290048,muskmelon
82,13,52,27.11535046,94.86907886,6.442810053,26.51924782,muskmelon
120,23,55,27.84492803,91.60666594,6.732049075,26.47844429,muskmelon
110,22,47,29.03157242,91.82172592,6.243673725,24.93861254,muskmelon
95,23,45,27.82424457,90.56698742,6.266208727,21.19014526,muskmelon
106,10,49,27.72653142,92.00687531,6.350623739,20.21126747,muskmelon
99,12,52,28.69708334,94.30759855,6.002927293,22.21807088,muskmelon
106,20,51,29.73019662,90.97015715,6.342573112,20.49035619,muskmelon
83,11,53,29.54097171,92.91778307,6.163921248,21.9653077,muskmelon
117,19,55,28.80311922,91.78336933,6.121745389,25.16359891,muskmelon
98,26,49,27.29035669,90.53330091,6.130160473,23.49535234,muskmelon
113,20,48,27.46583649,94.87679041,6.440584681,27.27899847,muskmelon
101,17,47,29.49401389,94.72981338,6.185053234,26.30820876,muskmelon
98,7,45,27.79161808,92.51054946,6.157724816,26.85422624,muskmelon
93,22,48,29.12533739,91.52291141,6.776987974,21.90440445,muskmelon
95,21,47,27.93114233,93.56161439,6.431970877,20.66127836,muskmelon
109,12,48,29.45771748,92.12534736,6.708743843,20.76212031,muskmelon
118,12,47,27.96872279,92.17444796,6.010739645,28.94766949,muskmelon
100,14,49,29.48882958,91.07574233,6.365956658,26.01909355,muskmelon
89,9,47,29.47156259,90.77069618,6.668382766,28.75226067,muskmelon
95,16,46,27.0767265,90.14362622,6.74669542,24.4514648,muskmelon
95,7,45,27.30008597,90.80015308,6.031665834,25.09484511,muskmelon
87,6,45,29.82729394,90.79007335,6.40077205,22.84203589,muskmelon
93,20,50,29.93061247,93.22980899,6.448792689,24.34814338,muskmelon
84,29,49,29.94349168,93.90741192,6.251420275,20.39020503,muskmelon
111,5,47,28.03306461,91.47355778,6.274452811,21.17924769,muskmelon
111,5,52,29.8843055,94.0371147,6.135996372,21.0000988,muskmelon
111,15,54,27.7058373,92.91185695,6.194090172,22.06207161,muskmelon
89,11,47,29.78714005,94.65343534,6.327822962,27.8659442,muskmelon
110,15,48,28.57819995,92.86597437,6.212567211,27.5987178,muskmelon
95,30,52,29.48069921,90.33698678,6.640470863,26.0365768,muskmelon
115,12,52,27.51492243,94.96218673,6.685553129,21.01796432,muskmelon
120,25,50,28.05457761,94.81637388,6.327210469,21.84869328,muskmelon
102,11,45,29.03167341,93.12603235,6.35544263,24.15591199,muskmelon
94,5,55,28.5854649,91.89216849,6.085682344,26.88372572,muskmelon
84,18,46,27.08808014,93.42402083,6.781050373,25.32159689,muskmelon
107,22,54,27.99611732,90.84660317,6.630301421,21.61893763,muskmelon
80,18,52,27.87317436,91.14849627,6.484799661,24.05207925,muskmelon
86,18,45,28.96586565,90.71832938,6.566759102,22.25838137,muskmelon
113,28,48,28.87726019,92.48839665,6.170520518,24.44267592,muskmelon
115,18,53,29.17052093,94.19790371,6.012480351,22.06994464,muskmelon
82,20,54,29.34033587,90.01506395,6.541150335,21.44532907,muskmelon
98,22,47,29.07265321,91.91533173,6.341400922,28.83568362,muskmelon
117,25,54,28.68275966,92.50969311,6.150686364,29.11187663,muskmelon
83,15,49,28.92705913,91.39356832,6.438008153,23.20076686,muskmelon
120,16,51,27.99901833,91.64193051,6.547041903,23.28618248,muskmelon
111,5,50,27.59350075,91.79742953,6.399891457,24.84266123,muskmelon
85,21,47,29.87331077,90.60932469,6.186770318,24.69720481,muskmelon
90,23,54,28.55852465,90.45773041,6.159020864,27.26588346,muskmelon
99,29,55,29.19378695,91.46241065,6.660954816,26.48240255,muskmelon
102,11,47,27.98780984,92.78226196,6.504906979,27.14509034,muskmelon
80,18,51,28.05380704,91.81758779,6.706053225,20.76582087,muskmelon
87,21,52,27.3506296,94.2911951,6.067665498,27.21244021,muskmelon
114,8,52,29.34081108,94.5513539,6.419083092,28.22908103,muskmelon
99,6,46,28.61475136,94.22253035,6.39637861,28.98574189,muskmelon
89,25,50,27.04863538,91.34685096,6.375923383,25.08146686,muskmelon
96,13,55,29.5275305,94.57459443,6.700337732,21.13545688,muskmelon
82,26,47,28.50416396,93.46806467,6.565312653,24.20007242,muskmelon
106,21,52,28.89578588,94.78993038,6.286515359,23.0362503,muskmelon
90,15,52,27.04927452,91.3821731,6.448061578,23.65747461,muskmelon
106,16,54,28.96017885,91.69532178,6.585872508,24.7458198,muskmelon
24,128,196,22.75088787,90.69489172,5.521466996,110.4317855,apple
7,144,197,23.8494014,94.34814995,6.133220586,114.0512495,apple
14,128,205,22.60800988,94.58900601,6.226289556,116.0396587,apple
8,120,201,21.18667419,91.13435689,6.321152192,122.233323,apple
20,129,201,23.41044706,91.69913296,5.587905967,116.0777931,apple
32,137,204,22.86006627,93.12859895,5.824151693,117.7296726,apple
27,139,205,22.48403042,93.40819246,5.772179946,105.5473627,apple
0,123,205,22.02775403,92.96129462,5.790993052,121.1349176,apple
22,144,196,21.91191314,91.68748063,6.499226821,117.0761277,apple
1,124,199,23.71059131,93.27392415,5.658473817,112.6676589,apple
30,122,197,21.37784654,92.72043743,5.573241391,106.1417017,apple
29,121,196,22.84852833,94.32130209,6.079497202,123.5977843,apple
13,126,204,23.1094265,92.79630809,6.383180271,108.183792,apple
9,139,199,23.25230817,94.54128292,5.867420996,105.3558408,apple
0,133,200,23.67287749,90.4935574,5.708418722,104.2298028,apple
30,143,199,23.76881552,90.59810302,5.7983508,102.2648546,apple
36,140,198,23.34386401,91.47684705,6.28188384,104.4267991,apple
37,137,199,22.63946441,90.18451645,5.697945522,108.3405879,apple
33,121,203,22.45696744,94.76285385,5.605934087,114.8407725,apple
7,144,195,22.96388477,93.58065995,5.85648105,104.6472986,apple
35,128,205,21.07273439,93.56585985,6.041053829,107.8737015,apple
29,128,198,22.44075021,92.70785115,5.685062404,121.4977331,apple
2,143,196,22.71271308,90.45261746,5.669489065,109.8852597,apple
34,140,198,21.70416965,93.44006288,5.751707342,115.1781396,apple
29,144,204,22.43324518,92.48667725,5.800448951,119.1025189,apple
32,141,203,21.25941052,92.84416234,5.821347769,109.0658471,apple
13,144,197,22.9215706,94.89613443,6.28022267,105.6941544,apple
25,143,198,22.81212536,91.51861705,6.027314401,107.855225,apple
9,137,200,21.12152071,90.6878768,5.636687393,102.8017203,apple
6,144,198,21.11478672,90.31528693,5.559363609,104.5086618,apple
37,126,196,23.59997268,90.97597665,5.596449493,107.1728191,apple
2,120,203,23.12652652,94.71203306,5.893492999,108.6211833,apple
11,143,197,22.98458907,93.3204487,5.875718516,122.1952483,apple
10,141,201,22.12659387,90.97818277,6.386021424,104.5412275,apple
24,142,202,22.53779727,91.48135786,5.710819862,101.8474768,apple
23,138,195,22.49095104,91.70292746,5.795985716,124.3915101,apple
18,125,204,22.35548159,94.47811755,6.046673619,116.7366261,apple
13,121,196,22.20700989,93.50574163,6.443382913,120.1593771,apple
26,122,202,22.44516988,94.73763514,5.617227184,107.1843273,apple
28,123,202,22.76643029,92.12438519,6.442289294,120.4359949,apple
26,121,201,22.19109412,90.02575116,6.162034371,112.3126628,apple
21,137,196,23.6119202,91.70293849,5.812781806,123.5900822,apple
21,135,198,23.86087054,94.92048112,5.765015126,105.0241329,apple
5,144,205,21.42177231,92.62665309,6.184922574,102.8045658,apple
2,123,205,22.36629253,90.78572467,5.739652177,124.9831618,apple
15,133,199,23.99686172,91.61001707,5.824778636,117.6102915,apple
31,130,198,21.80129837,92.73446667,5.554823557,120.0586671,apple
25,143,200,23.80436344,92.80441624,6.024248787,100.6192543,apple
16,143,204,23.71475278,91.53331177,5.631333387,121.8961665,apple
19,122,202,23.34467359,90.37981478,5.811975094,112.8954016,apple
10,125,196,22.31253665,90.03577124,5.730557448,113.0688155,apple
20,139,202,23.50201428,92.21083961,5.66999105,107.9868949,apple
28,123,198,23.46260321,91.45665004,5.682751473,111.7763395,apple
28,136,200,23.06204373,92.39544055,6.245858905,114.7399101,apple
2,131,199,22.47420512,91.22759742,6.017370134,124.2179699,apple
2,140,197,22.69780133,92.82223419,5.53456749,105.0508234,apple
27,138,201,23.66682067,93.90191078,5.952367662,105.4004751,apple
30,127,204,22.50050273,92.45878335,6.126436584,100.9343903,apple
32,145,203,23.83053666,90.84422164,6.406818518,109.5966791,apple
29,139,205,23.64142354,93.74461474,6.155939453,116.6912176,apple
26,126,195,21.41363812,92.99124545,5.878568981,118.3979065,apple
40,136,202,22.85267372,94.5764581,5.935336308,117.5314026,apple
6,124,200,22.98208095,93.84505029,5.971332179,109.5852253,apple
35,138,200,21.19909519,90.80819418,5.67130617,103.6838922,apple
17,136,196,23.87192332,90.49939035,5.882155988,103.0548094,apple
33,134,205,21.0365275,94.33919546,6.08551916,114.7412734,apple
16,143,197,22.61711614,93.51978375,5.90402645,116.9256766,apple
27,120,200,21.45278675,90.74531921,6.110218826,116.7036582,apple
29,145,205,22.81227579,92.12992101,6.212302608,109.3383552,apple
3,141,197,21.98141856,91.12719303,6.142803397,115.4789148,apple
15,123,204,22.52709326,92.54780429,6.365972688,115.3830068,apple
5,136,195,22.35628673,91.92360477,6.264202804,107.7697413,apple
10,136,204,21.19852186,92.15595143,6.276198595,105.8554351,apple
7,141,195,23.8812458,93.45067555,5.514253142,104.9116663,apple
2,129,201,22.78234161,94.36803516,5.682343744,122.1449949,apple
29,138,197,22.19055385,92.43764169,5.830892252,121.6622761,apple
30,137,200,22.91430043,90.70475565,5.603413172,118.6044645,apple
29,132,204,23.08950736,90.22507299,6.0967531,108.2166601,apple
14,139,197,21.72484506,92.83975602,6.056529526,121.6961761,apple
18,125,203,22.44307715,91.59234006,6.160267496,102.5565807,apple
33,143,204,21.1316077,91.95769858,5.814434775,122.5391946,apple
40,144,196,22.71750705,92.25479855,5.987262638,107.0289866,apple
9,143,197,23.75033085,92.88160462,5.570020684,117.6602827,apple
38,135,203,23.76121837,93.661643,5.965551311,100.825956,apple
28,130,196,22.13450646,94.67695747,6.062356467,112.9203223,apple
35,142,203,21.17089176,90.23730166,5.895319002,123.6495149,apple
12,129,205,22.36238282,91.15761594,6.119432215,118.6832725,apple
1,135,203,22.77856513,92.70124029,5.624203283,113.7759219,apple
0,145,205,21.22503442,90.09877774,5.52078314,113.9760462,apple
31,121,201,23.15791104,90.34396882,5.731535258,110.712841,apple
35,131,203,22.42776057,93.91722423,5.893490899,102.7230739,apple
29,140,195,23.64082979,90.95257927,5.560521058,116.7431319,apple
33,138,198,22.29423493,90.69033986,6.222390798,122.7418744,apple
14,140,197,23.35225078,90.90054697,6.071255131,113.0381382,apple
35,145,195,22.03911546,94.58075845,6.231950009,110.9804014,apple
40,120,197,23.80593812,92.48879468,5.889480679,119.6335548,apple
25,132,198,22.31944084,90.85174383,5.732757516,100.1173443,apple
31,137,196,22.14464104,93.82567435,6.400321212,120.6310784,apple
36,144,196,23.65167552,94.50528753,6.496934492,115.3611268,apple
10,140,197,22.16939473,90.27185592,6.229498836,124.4683112,apple
22,30,12,15.78144173,92.51077745,6.354006744,119.035002,orange
37,6,13,26.03097313,91.50819306,7.511755068,101.2847738,orange
27,13,6,13.36050601,91.35608208,7.335158382,111.2266885,orange
7,16,9,18.87957654,92.04304496,7.813916603,114.6659511,orange
20,7,9,29.47741671,91.57802915,7.129136941,111.1727497,orange
26,27,10,28.06903173,92.91487288,6.079998496,114.1339416,orange
5,23,15,25.66901098,92.04670813,7.408939392,112.5424199,orange
0,18,14,29.77149434,92.00719952,7.207991261,114.4161786,orange
39,24,14,30.55472573,90.90343769,7.189259647,106.0711985,orange
13,23,6,23.96147583,90.26408017,7.365338111,102.6958703,orange
21,17,15,23.98289638,91.5473145,7.455991072,118.4901697,orange
33,12,8,25.26052689,90.31153735,6.822282114,117.3695296,orange
6,9,12,31.08368929,90.14362642,7.028746406,109.6894658,orange
19,7,10,14.78003032,91.22062116,6.118430299,100.1961762,orange
24,18,6,26.56608303,94.45239715,6.285312759,116.3796525,orange
9,11,8,24.85903405,94.39000473,6.559236744,111.7803734,orange
31,8,7,34.51465139,93.63812684,7.163245982,103.5684926,orange
22,17,5,24.12188673,90.72351622,6.945562889,102.835632,orange
13,5,8,23.85340379,90.10522549,7.474710503,103.923226,orange
16,8,9,24.60297538,91.28408653,7.601189843,111.2948115,orange
4,13,6,15.63211033,94.25966183,7.561143224,101.4705704,orange
0,25,14,19.33516809,91.97978938,6.361671475,116.450422,orange
8,7,10,28.2620488,91.98317355,6.929216014,105.2132259,orange
4,23,5,22.67594476,93.36348717,7.477935216,110.3332655,orange
33,14,8,21.03200078,92.9641969,7.684420446,110.6823944,orange
30,7,15,33.23453301,91.06053924,7.825531916,115.7659902,orange
21,29,12,22.30318989,92.15987039,6.438668989,117.3688104,orange
11,14,5,11.50322938,94.8933184,6.946354724,115.5683776,orange
9,8,15,14.34320488,94.35734702,7.994465371,110.2223123,orange
5,18,14,33.1056981,93.48447453,7.434118807,119.1709113,orange
29,25,14,30.49183837,90.4582865,7.781988584,113.3302105,orange
33,12,15,30.25578031,92.03272799,6.052318465,116.7173125,orange
8,16,6,12.22816189,90.26457428,7.106650373,108.4161706,orange
15,14,8,10.01081312,90.22399223,6.22094286,119.3941064,orange
16,7,8,22.79196751,90.60901895,6.420457311,116.5084074,orange
0,12,7,20.18432263,90.65458473,6.969249676,116.8130969,orange
5,25,6,30.72119881,94.01331956,6.011302181,106.8118019,orange
6,8,11,24.35590861,92.39651663,6.600948788,119.6946577,orange
10,5,5,21.21306973,91.35349216,7.817846496,112.9834361,orange
1,17,6,10.78689755,91.38411917,6.8198271,117.5293447,orange
1,30,10,11.89925671,91.34663797,7.291405641,103.5771468,orange
0,23,15,22.56664172,93.37488907,7.598729065,109.8585753,orange
24,27,9,18.86883219,93.24688124,6.157135092,119.3936976,orange
36,11,13,17.34083741,93.04897191,7.1917274,112.7194284,orange
40,21,8,34.90665289,92.87820148,7.418761774,102.1906333,orange
40,22,6,24.53610067,91.90997228,6.488221135,115.9787989,orange
32,18,13,13.8377282,91.74780462,6.044167236,107.9873218,orange
9,10,10,22.3551049,93.52211892,6.010391864,101.5164589,orange
13,16,8,34.74004942,93.12316972,6.949838549,100.1967854,orange
15,9,11,11.54785707,94.14861001,7.907956251,108.8289171,orange
29,11,5,23.13338811,91.94670335,7.639788459,104.4224145,orange
1,15,9,29.98364695,94.55239717,7.53350946,115.3560318,orange
18,5,11,20.87947369,90.93756231,6.251586885,102.4550786,orange
14,22,9,17.24944623,91.13772765,6.543191814,112.5090516,orange
33,15,7,15.83388699,91.68293851,7.651225301,109.7571416,orange
4,6,7,23.01014302,91.11764246,6.708889665,112.6738296,orange
17,16,14,16.39624284,92.18151927,6.625538653,102.944161,orange
12,20,10,24.45132792,93.10527686,6.528354932,109.4711098,orange
34,29,8,31.87859192,91.15248149,6.450640306,105.3437825,orange
39,28,10,31.34920143,91.48247612,7.181907673,109.1549823,orange
31,25,12,18.05142392,90.03969587,7.016482298,111.7793889,orange
12,6,8,30.84835031,92.86773675,6.388617138,107.4142681,orange
12,29,13,22.45616931,91.52781832,7.57125447,118.0069295,orange
26,11,11,13.70319166,90.95589386,7.609348255,106.2944879,orange
19,24,15,20.48954522,93.72485075,7.137136973,111.8391951,orange
39,21,9,13.20844373,94.02769434,6.354022554,106.2696156,orange
16,29,13,32.31944397,93.67804556,6.196907944,117.6236473,orange
36,29,13,20.68185224,90.91510525,7.829507245,109.7513927,orange
37,23,12,31.52675982,90.50621806,6.395258356,113.1169398,orange
39,9,15,25.35467646,91.81183218,7.992041984,116.7555937,orange
31,5,14,17.66545409,91.69865887,6.583411671,110.6857506,orange
18,12,8,12.59093977,91.81668769,6.206053072,119.3916718,orange
20,20,10,11.86631922,93.68394562,6.976997772,106.060149,orange
5,8,5,11.03367937,92.22706805,6.562594972,112.7715925,orange
20,8,12,25.2990432,94.96419851,7.260416405,117.9733424,orange
25,21,11,32.23797837,90.15406807,6.460044778,104.7052254,orange
14,19,14,17.68408797,94.35815354,6.699164936,108.0638166,orange
37,18,12,10.2708877,90.19147747,7.401121811,106.6955204,orange
26,15,6,17.22034507,94.78797376,6.912033409,108.0054343,orange
13,22,5,19.667056,90.50096668,7.764040111,100.1737964,orange
32,25,9,10.35609594,93.75652041,7.796034006,101.1456947,orange
19,7,9,27.255435,91.71369387,6.969883483,101.139435,orange
28,7,9,34.5917846,92.13229786,6.730757538,115.5650287,orange
24,30,11,32.39523995,94.51768464,6.601395755,113.25373,orange
7,17,10,10.16431299,91.22320999,6.465913274,106.362551,orange
18,23,8,21.49118657,93.43949693,6.41354791,101.4819888,orange
7,20,12,16.53460397,94.76759975,6.475275337,110.0447896,orange
20,23,11,31.8520694,90.12220323,6.407715561,109.9455062,orange
18,14,11,28.04799508,90.00621688,6.550814117,117.1311498,orange
34,11,10,31.75048899,94.59551226,7.36220835,115.1989301,orange
20,29,10,29.07412717,93.27189064,7.36549204,100.7896871,orange
37,24,13,19.14381903,90.71037456,7.8546243,108.0230792,orange
12,8,10,16.14820285,91.4448027,7.995848977,107.4287664,orange
34,10,14,34.05296914,92.05811721,6.725600855,116.8020848,orange
6,13,9,34.51423957,90.56151463,7.786725333,118.3271968,orange
27,30,5,32.71748548,90.54608254,7.656978112,113.328978,orange
13,8,12,25.16296632,92.54736032,7.105904818,114.3117197,orange
6,7,7,27.68167318,94.47316879,7.199106204,113.9995146,orange
40,17,15,21.35093384,90.9492967,7.871063004,107.0862095,orange
31,26,9,11.69894639,93.25638873,7.566165721,103.2005992,orange
61,68,50,35.21462816,91.49725058,6.793245417,243.0745066,papaya
58,46,45,42.39413392,90.79028064,6.576261427,88.46607497,papaya
45,47,55,38.4191628,91.14220381,6.751452932,119.2653877,papaya
39,65,53,35.33294932,92.11508608,6.560743093,235.6133585,papaya
31,68,45,42.92325255,90.07600528,6.938313356,196.2408242,papaya
70,68,45,33.83508569,92.85470152,6.991626158,203.4044028,papaya
68,62,50,33.20258348,92.76437927,6.977700268,197.5282582,papaya
34,65,47,23.48546973,93.71043692,6.833768535,191.7760562,papaya
38,68,54,29.33710543,90.81781439,6.739170045,202.0572747,papaya
69,64,47,40.21199348,94.50766912,6.993473247,186.6762324,papaya
58,51,47,42.13473976,91.70445386,6.757470637,197.402901,papaya
59,47,53,32.86316618,91.4618874,6.850663232,47.271547,papaya
44,64,54,29.80744318,91.38048469,6.74274935,232.7046126,papaya
56,57,48,31.56213762,93.0484859,6.506120752,63.62250788,papaya
69,60,54,36.32268069,93.06134398,6.98992719,141.1736926,papaya
56,58,49,37.13165026,94.60761797,6.69215564,172.4788062,papaya
49,55,53,38.4418717,93.63739039,6.544029776,77.71566883,papaya
38,51,52,32.66160599,90.78931681,6.927803911,78.85085502,papaya
54,65,47,27.92765919,91.55594211,6.721835879,149.9107557,papaya
57,57,51,39.01793345,91.48815629,6.99223441,105.8841531,papaya
39,52,53,32.51247398,94.65904123,6.704204398,51.07048113,papaya
58,67,45,38.72382798,91.72514851,6.702424548,62.62377075,papaya
61,64,52,43.30204933,92.83405443,6.641098708,110.562229,papaya
34,62,55,27.58548913,90.72526502,6.585346229,238.5008779,papaya
31,48,45,40.78881819,92.90951393,6.563134737,132.7923586,papaya
47,46,52,23.19451074,91.40301608,6.502289473,206.3999208,papaya
32,68,52,32.68067385,92.61715632,6.800321319,248.8592986,papaya
36,59,46,34.28879307,93.61082872,6.721130543,127.2509777,papaya
61,51,51,39.30050027,94.16193416,6.574677594,120.9512466,papaya
70,54,46,39.73149053,91.12220596,6.919342407,122.7628653,papaya
44,56,49,39.23342464,91.25589286,6.519779583,64.4478499,papaya
34,68,51,27.34734861,94.17756725,6.687088098,40.35153141,papaya
50,59,47,40.76998685,92.09278584,6.747975732,209.8678411,papaya
39,70,52,26.26559543,90.79668055,6.65149129,59.49373381,papaya
34,61,49,28.12971499,93.3210737,6.502675132,117.8201907,papaya
44,60,55,34.2804607,90.55561637,6.825371185,98.54047745,papaya
31,62,52,33.7960155,93.00754254,6.99104104,182.026807,papaya
65,62,51,31.53243779,90.87394933,6.511624841,207.0735119,papaya
44,57,53,42.30495821,90.51431779,6.93172108,74.876786,papaya
50,47,48,24.63676897,90.61964344,6.712772333,218.2299187,papaya
43,50,48,28.28222883,91.37059792,6.63016515,179.2720807,papaya
60,46,53,24.48620746,92.98254537,6.761953186,183.49095,papaya
70,68,55,42.84609252,94.63548176,6.691202286,78.8099639,papaya
59,62,52,43.67549305,93.10887229,6.608667684,103.8235658,papaya
60,58,51,42.07213781,92.92203105,6.840802254,165.7412972,papaya
42,60,47,33.46873719,92.12746225,6.834808348,136.8277041,papaya
35,66,47,31.7018373,91.66232213,6.953439161,48.83810592,papaya
34,65,48,41.41968393,90.03863107,6.665024508,199.3096432,papaya
36,54,46,42.54744013,94.94482086,6.662875839,214.4103848,papaya
39,64,52,28.91842453,94.63676767,6.678695788,63.68794608,papaya
37,52,47,43.08022702,93.90305729,6.54277684,211.8529059,papaya
33,47,46,29.20300896,93.96834049,6.839443833,209.4083305,papaya
34,48,48,41.04224355,91.37258067,6.805277038,181.527598,papaya
49,54,50,25.62446619,93.18240298,6.762522087,97.26336657,papaya
40,65,49,35.32876402,91.06138506,6.678449318,163.9069365,papaya
68,52,49,24.42561272,92.27749066,6.577192175,63.35298768,papaya
50,46,52,31.18298415,90.21646909,6.734005648,54.01872359,papaya
65,63,50,31.88342554,91.3256535,6.524459342,79.27201575,papaya
40,49,47,42.93368602,91.1756748,6.501521192,246.3613268,papaya
42,53,48,23.11407669,94.31994776,6.758479569,231.5153161,papaya
49,55,51,24.87212063,93.90560147,6.676578778,135.1694525,papaya
59,62,49,43.36051537,93.35191636,6.941496806,114.778071,papaya
63,58,47,26.83054058,90.75379971,6.864143752,144.6656444,papaya
70,65,52,30.42012134,93.12659793,6.583528529,75.95295,papaya
63,50,52,28.64555584,93.22642604,6.751747609,115.8163936,papaya
40,64,47,32.50037548,93.47888842,6.893509446,71.73759526,papaya
63,58,50,43.03714283,94.6428898,6.720744449,41.5856585,papaya
45,58,49,30.10773379,90.34546355,6.827812549,75.24521981,papaya
66,69,47,23.69212243,93.61055571,6.912299695,87.53393983,papaya
54,67,52,35.67667332,93.30641944,6.586107335,141.3381168,papaya
69,67,52,27.71948962,94.43877142,6.827305908,82.83061083,papaya
67,68,49,35.26824831,92.38282957,6.821774589,149.8488208,papaya
45,57,47,23.16855863,90.78821158,6.656458831,161.6892093,papaya
56,50,52,33.08706051,92.25197542,6.770384816,88.1300769,papaya
70,50,53,37.4620912,90.44967809,6.933809743,172.3458448,papaya
44,47,45,38.73218907,94.73613484,6.579441304,218.142147,papaya
50,60,47,32.57720726,92.74889453,6.92791761,93.7942847,papaya
52,51,53,38.38231475,93.10378595,6.985804083,210.2735346,papaya
35,68,45,42.93605359,90.09448142,6.612429546,234.8466111,papaya
68,69,52,25.65492304,92.74501561,6.813383387,52.95477913,papaya
32,55,52,37.58899717,91.99740365,6.9677596,159.6577388,papaya
32,55,51,29.60718808,93.15642801,6.57398033,62.68710535,papaya
48,62,47,25.34756111,93.02871078,6.803094965,174.4012337,papaya
39,69,53,25.9300384,93.02357765,6.964955435,241.8202079,papaya
49,61,45,32.76795887,94.57377401,6.764213299,240.4795923,papaya
48,57,54,29.02328049,90.20396783,6.617703178,126.8069869,papaya
69,66,49,40.00439101,90.17015833,6.52711001,92.11877372,papaya
53,55,55,33.32315744,91.25271223,6.709668804,234.496633,papaya
38,61,52,31.22790131,94.94021378,6.620729882,46.44279118,papaya
57,64,55,26.68386496,92.9585411,6.583760499,62.50689682,papaya
51,57,55,24.70528368,90.14732171,6.676407337,108.4103158,papaya
56,65,45,38.2016825,93.97379963,6.751298936,218.0908814,papaya
54,66,52,36.56769731,93.79503425,6.867554147,104.4218596,papaya
58,55,47,26.05375792,93.69111672,6.742490027,240.6863901,papaya
68,70,54,31.29986342,92.76039164,6.986228647,54.77830202,papaya
42,59,55,40.10207731,94.35110201,6.979102243,149.1199989,papaya
43,64,47,38.58954491,91.58076549,6.825664782,102.2708231,papaya
35,67,49,41.31330062,91.1508798,6.617066674,239.7427554,papaya
56,59,55,37.03551903,91.79430166,6.551892638,188.5181422,papaya
39,64,53,23.0124018,91.07355541,6.598860305,208.3357976,papaya
18,30,29,26.7627493,92.86056895,6.420018717,224.5903664,coconut
37,23,28,25.61294367,94.3138837,5.740054567,224.3206759,coconut
13,28,33,28.130115,95.64807631,5.686972967,151.0761899,coconut
2,21,35,25.02887163,91.53720922,6.293662363,179.8248944,coconut
10,18,35,27.79797651,99.64573002,6.381975465,181.6942283,coconut
7,11,32,29.25902906,95.11294697,5.542169139,184.7624496,coconut
39,5,31,27.10134661,93.69979946,5.551963184,150.9502632,coconut
34,6,27,25.84726298,90.92669463,5.860740481,147.8888994,coconut
31,30,29,26.58580443,90.98617591,5.558807063,178.8116076,coconut
25,7,35,28.38503882,99.18843684,5.55771171,189.6711349,coconut
16,18,26,28.43647052,91.81320717,5.568365926,145.5414413,coconut
26,10,33,28.27298134,96.93649473,6.07071786,198.8234862,coconut
27,8,32,27.00648436,96.46168931,5.627860549,144.3331315,coconut
37,18,30,27.63551259,99.34854917,6.38488418,157.9171537,coconut
19,15,34,26.29644905,99.65809151,5.685889066,215.9195049,coconut
0,19,33,27.1326009,95.23797989,6.234458417,204.7206567,coconut
31,20,26,25.56567803,97.61361544,6.443168642,199.7936345,coconut
9,17,32,25.94951662,93.40548703,5.842317989,172.0540491,coconut
22,11,29,28.03380598,95.01630593,5.955742971,218.0055713,coconut
31,6,26,29.12859129,91.30924833,5.741367375,157.2388553,coconut
34,6,30,27.0828252,97.00155491,5.948342571,171.7575545,coconut
24,6,32,28.11321494,90.01734526,6.387067562,172.4813641,coconut
1,8,26,27.5136304,94.18955816,5.562911913,156.6732553,coconut
31,13,33,27.63834933,95.48763389,5.85971872,205.5463111,coconut
10,9,28,29.01256899,94.01014388,6.282955073,150.0500312,coconut
36,27,26,26.58413917,95.78923137,6.25449571,171.6262299,coconut
38,24,33,28.28905147,97.00396405,5.973853124,142.9403233,coconut
11,6,25,28.69164799,96.65248672,6.081568052,178.9635457,coconut
16,14,30,29.70931288,96.30484325,6.37466756,209.8453993,coconut
33,14,35,27.14865285,96.66355213,6.027707171,149.2433497,coconut
16,6,29,29.28725038,91.95614918,5.868285082,132.1491176,coconut
32,11,31,25.06871967,93.31410447,6.205931638,134.8419069,coconut
38,14,30,26.92449525,91.20106019,5.570745386,194.9022136,coconut
8,6,33,28.27804288,93.64761266,6.095261013,171.9457959,coconut
23,6,33,29.18032562,92.73041222,6.025789594,204.9603677,coconut
29,25,35,28.3575072,91.64509299,5.542873799,160.7306991,coconut
24,14,33,29.38072512,93.27565685,6.366219551,218.5241851,coconut
32,12,30,25.39241091,98.08951196,5.579845008,218.080385,coconut
30,25,31,26.31270635,98.62048026,5.804965067,208.1181381,coconut
14,21,35,29.52501367,91.91185319,6.121005506,194.3100272,coconut
27,22,29,28.83214859,92.17170353,6.000248647,145.4172387,coconut
40,5,29,28.48444906,97.76865458,5.820978791,160.389421,coconut
17,11,32,28.74013335,93.39676499,5.620733794,156.7650823,coconut
30,30,35,25.00872392,95.59224018,6.001936419,165.8092179,coconut
28,10,30,29.8690834,91.14723422,6.305740522,192.7678575,coconut
39,7,29,27.54273211,94.59086121,6.362544111,150.2012138,coconut
32,20,35,26.52166434,98.38227669,5.588655387,144.6261698,coconut
7,15,32,25.03512351,95.89739958,6.182232762,174.796583,coconut
29,17,29,29.20394909,95.66997327,5.959493188,211.2506267,coconut
34,15,34,27.05826457,91.10510371,5.677282678,224.7006953,coconut
14,23,25,26.18552389,96.96637916,5.612122797,135.4186222,coconut
18,19,29,27.59376845,92.48519606,6.206077742,162.8432736,coconut
7,21,35,25.76011662,94.65830608,5.764812076,131.2451414,coconut
24,27,34,28.87862994,95.11320315,6.203376525,145.0583117,coconut
39,29,29,26.50908611,94.48414544,6.143662699,199.8778403,coconut
29,8,28,26.87037587,91.72546257,6.100429497,214.4128874,coconut
10,24,27,27.57283516,94.90485697,5.708409601,145.9298935,coconut
0,29,32,28.05912437,98.3670985,5.868255858,171.6516396,coconut
32,11,31,29.51611558,92.56492864,6.461225827,131.2116167,coconut
37,10,32,28.96318258,95.16333673,6.165084855,222.803013,coconut
20,29,27,25.09897688,92.36099489,6.047044342,157.7592626,coconut
31,29,35,27.1872282,92.19906776,6.137102505,141.3220576,coconut
17,30,27,29.03065024,90.79093862,5.894027065,205.5720367,coconut
1,12,30,27.754298,95.94643831,5.56222383,131.0900076,coconut
6,13,29,27.31155708,99.96906006,5.832608028,201.8258633,coconut
15,28,32,28.84270971,99.64328526,6.218571874,224.4016682,coconut
27,24,29,26.61423461,96.97300803,6.142010637,191.006688,coconut
3,23,30,29.70143197,95.65754365,6.078807239,215.1968037,coconut
8,26,26,25.54759871,91.64194826,5.702484758,212.867626,coconut
20,28,26,26.37978453,91.49882979,5.547594847,167.0470997,coconut
26,18,27,27.45907759,92.90736493,5.836075368,142.1430003,coconut
1,6,35,27.02269204,95.71935435,6.231662767,147.1682459,coconut
27,30,31,28.98545306,90.73966792,5.718120393,148.8398374,coconut
23,7,34,26.1055118,91.52421214,5.852038202,134.1279669,coconut
0,26,31,25.0707247,95.02156793,5.547933273,192.9036306,coconut
38,6,25,25.54963273,96.92786777,6.156259104,191.2996157,coconut
25,12,26,28.56973521,95.67906668,6.436314406,134.8370348,coconut
40,5,32,26.07010807,96.7036223,5.981169595,143.533473,coconut
0,19,31,25.51791333,94.38420565,6.271952833,178.7297725,coconut
26,9,32,25.9490364,94.73860514,6.470465614,144.1571109,coconut
35,30,34,28.2974764,95.41122824,6.141502001,182.4482352,coconut
19,30,30,29.56549169,91.40896307,5.826381164,224.8315729,coconut
31,13,33,29.69952329,95.21224392,6.342463714,148.3003692,coconut
17,29,26,26.14162144,93.28415295,6.071897347,195.4115025,coconut
2,30,30,26.00175125,94.79998418,6.331051715,209.540094,coconut
30,13,25,27.15116142,91.48889469,6.413184638,164.9182225,coconut
8,15,33,28.97318719,98.09861043,5.50158009,213.9011021,coconut
18,12,35,26.13958446,96.38580769,6.338720873,131.3387935,coconut
8,28,30,25.51618488,94.33465411,6.015672239,135.1272491,coconut
40,22,29,27.55821802,99.98187601,5.735364307,174.6256481,coconut
27,10,33,27.81132822,97.48410555,6.465906333,154.0621221,coconut
21,20,31,25.60033702,99.7240104,5.855457599,165.8248732,coconut
3,9,35,26.91641934,99.84671638,6.318552973,225.6323656,coconut
22,16,27,29.1797902,90.27214288,6.006784979,188.9252083,coconut
27,8,30,26.44600063,98.29937782,6.008386283,221.2258168,coconut
22,8,33,28.43572863,95.8840407,5.665785202,203.9283708,coconut
28,27,32,28.94099669,93.00109012,5.764615485,191.7723087,coconut
23,21,26,26.45488737,93.45042636,5.901495544,149.2220255,coconut
37,5,34,25.79490531,93.84150618,5.779032666,152.4238712,coconut
19,26,29,26.93141945,98.80313612,5.67154928,166.5712879,coconut
133,47,24,24.40228894,79.19732001,7.231324765,90.8022356,cotton
136,36,20,23.09595631,84.86275707,6.925412377,71.29581071,cotton
104,47,18,23.9656349,76.97696717,7.633437412,90.75616738,cotton
133,47,23,24.88738107,75.62137159,6.827354668,89.76050416,cotton
126,38,23,25.36243778,83.63276077,6.176716425,88.43618918,cotton
126,50,19,24.69457084,81.7358876,6.628722836,78.58494391,cotton
113,41,20,25.0017188,80.53965818,7.256877571,96.32600992,cotton
121,45,22,22.45942937,81.30681027,6.443785385,64.23026638,cotton
121,47,16,23.60564038,79.29573149,7.723240151,72.49800885,cotton
129,60,22,24.58453146,79.12404171,5.947448589,71.94608134,cotton
107,45,25,23.0865933,83.55546146,7.227745516,71.84080724,cotton
122,59,18,23.5000992,83.63488952,6.219469084,79.81328183,cotton
140,38,15,24.1472953,75.88298598,6.021439523,69.91563467,cotton
102,49,21,24.69315538,84.84422454,6.253343655,89.799462,cotton
111,40,25,24.484692,84.44932014,6.187455799,90.94342484,cotton
131,35,18,24.49112609,82.24415809,7.057693366,64.02949379,cotton
135,43,16,23.47986888,81.73049149,6.720449769,86.76287924,cotton
100,46,18,24.18586246,76.04203958,6.431689506,69.08056728,cotton
123,39,24,25.00755095,78.17952126,7.453106264,86.06411872,cotton
117,56,15,25.99237426,77.0543546,7.368258226,89.1188212,cotton
121,36,24,23.66457347,81.69105088,7.352401887,99.36898373,cotton
101,58,18,25.66891439,81.38103349,6.652143699,78.59595817,cotton
107,42,24,22.04612876,84.62978302,6.144631795,86.00758678,cotton
100,41,22,22.4204752,84.55794703,7.318802162,93.46595573,cotton
125,39,21,25.03149561,82.21276599,7.954629324,95.0191318,cotton
105,60,23,23.53371386,77.21705554,6.207652157,87.54004943,cotton
102,46,19,22.77076388,82.5993307,6.631005298,81.49543437,cotton
131,49,22,25.49848236,79.9751579,7.306918817,67.05961949,cotton
139,35,15,25.248679,83.4630147,5.898293044,86.55517751,cotton
108,36,19,22.78249615,77.51235009,7.238566893,64.61444234,cotton
118,45,23,23.37044424,77.43198948,7.977651226,71.67870701,cotton
107,51,22,24.86560781,78.22080815,5.983075895,79.56866268,cotton
125,60,17,24.14386157,84.51591287,6.785723961,80.36146974,cotton
113,37,20,25.03300222,79.04368718,7.393441155,97.10087029,cotton
131,52,16,23.65724079,84.47601498,6.486068274,88.54479121,cotton
115,48,16,25.54359718,84.09229796,7.175934962,88.94245493,cotton
113,38,25,22.00085141,79.47270984,7.388265888,90.42224164,cotton
111,41,18,23.64328417,78.1258666,6.10539819,80.96157332,cotton
111,53,19,23.96436009,78.02763149,6.419536555,84.63148859,cotton
122,48,16,24.65425757,75.6350708,6.307585854,61.82980133,cotton
108,46,17,24.3017998,84.87668973,6.93221485,65.0247867,cotton
132,41,22,24.29144926,81.02453404,7.810865753,90.41694635,cotton
103,42,17,24.29470232,84.61527627,6.527541661,81.05902285,cotton
133,50,25,25.72180042,81.19666206,7.569454601,99.93100821,cotton
127,37,18,24.87663664,76.30050373,7.041065585,91.9223468,cotton
110,39,25,22.60612115,77.34264002,7.208795456,75.13617229,cotton
131,38,19,23.86814008,75.68339729,6.814341946,90.4547185,cotton
108,38,24,23.41022496,76.43836957,7.442217061,78.82199603,cotton
122,40,17,24.96440768,81.31677618,6.854558957,80.03995829,cotton
111,50,15,25.16820129,80.30351815,7.884550475,84.62419032,cotton
140,40,17,22.72767171,77.07598065,6.006085786,77.55176318,cotton
100,40,20,22.45145981,76.25674874,7.432043735,86.84998693,cotton
123,50,16,23.04920461,75.53835214,6.498052108,70.65644296,cotton
107,36,21,25.29250148,75.66653335,6.205263534,62.64174227,cotton
118,50,19,22.95604064,82.33733678,6.360812227,66.48339303,cotton
103,51,20,22.80213132,84.14668447,7.046607434,91.6389565,cotton
133,57,19,23.54234715,75.98203329,7.947011366,84.12536744,cotton
129,47,20,24.41212325,80.80343786,6.281913858,98.60457373,cotton
116,52,19,22.94276687,75.37170612,6.114525877,67.08022574,cotton
114,40,23,25.53676123,81.13668716,6.753978061,95.4262599,cotton
131,60,17,25.32023717,81.79475917,7.425041316,83.46532547,cotton
107,43,18,22.426733,81.53480799,6.745104394,65.54475812,cotton
123,44,21,25.78544484,75.00539324,7.641116569,91.39578861,cotton
112,49,25,25.68959532,77.90621048,6.470135478,66.19426787,cotton
119,44,15,22.14593688,82.8597549,7.091992365,60.65381719,cotton
130,59,19,25.07278712,82.50257909,6.520403794,93.51042684,cotton
127,53,24,22.21506982,76.17851932,6.127939628,70.40557612,cotton
134,52,18,23.9643129,76.59175937,7.994679507,76.13090645,cotton
109,36,18,25.40059227,76.53237965,7.524707577,62.5138867,cotton
100,48,17,23.7805123,83.03878838,7.827877818,66.26555904,cotton
132,52,19,24.16402322,76.7433897,6.436691764,61.94626051,cotton
102,37,25,25.31468463,77.91757121,5.907930899,72.82902109,cotton
111,39,22,22.60361557,80.3509046,6.135025006,88.57395505,cotton
117,51,15,22.9535715,78.71555832,6.044556594,99.75336197,cotton
136,36,24,22.74446976,80.41198458,7.59781958,90.07326633,cotton
134,56,18,23.80834611,83.91902605,6.691268104,70.97358303,cotton
112,54,15,25.46228792,81.56641891,6.175492306,76.88582484,cotton
105,56,15,25.96779712,81.97904282,7.272316209,74.14169043,cotton
140,45,15,25.5308271,80.04662756,5.801047545,99.39557151,cotton
126,46,25,24.43847399,81.69801729,6.757457943,60.79645852,cotton
106,49,24,23.03887865,76.47039772,6.983395573,90.64770699,cotton
121,53,19,23.51308653,76.72621429,7.976889498,80.11272117,cotton
108,60,17,22.75805656,76.75768356,6.558902588,97.76600619,cotton
116,56,17,24.71252544,77.7293114,7.979090365,85.24963302,cotton
100,52,19,23.45969093,82.44777468,7.903528673,93.50153555,cotton
129,43,16,25.5503704,77.85055621,6.73210948,78.58488484,cotton
118,44,23,22.08458267,82.82904143,6.691690476,67.06459777,cotton
117,43,25,24.68854799,78.51206972,7.839849298,69.31153566,cotton
126,37,21,25.84997269,84.16855231,6.61448588,77.03421249,cotton
120,48,16,22.46054478,75.40989245,7.456971816,71.85436078,cotton
102,45,16,23.65629976,77.52425987,7.2942193,74.8984994,cotton
131,56,20,22.00817088,81.83896111,7.762647875,92.23645249,cotton
114,40,17,24.32630461,80.13456404,6.363406102,69.45072055,cotton
101,37,18,22.92360984,82.68738535,7.63737841,92.91915074,cotton
106,46,20,23.43821725,78.63388824,6.200671976,81.15072105,cotton
113,38,20,22.10718988,78.58320116,6.364729934,74.94136567,cotton
102,53,21,23.03814028,76.11021529,6.913678684,91.49697481,cotton
110,39,18,24.54795322,75.39752705,7.766259769,63.88079866,cotton
107,58,15,23.73868041,75.77503808,7.55606399,76.63669195,cotton
120,60,15,22.31871914,83.86129998,7.288377241,65.35747011,cotton
89,47,38,25.52468965,72.24850829,6.002524871,151.8869972,jute
60,37,39,26.59104992,82.94164078,6.033485257,161.2469997,jute
63,41,45,25.29781791,86.8870535,7.121933579,196.6249511,jute
86,40,39,25.72100868,88.16513579,6.207459637,175.6086697,jute
96,41,40,23.58419277,72.00460848,6.090060478,190.4242157,jute
100,35,36,25.31042337,72.01364411,6.346715209,190.5577618,jute
63,37,43,23.41798979,85.08640476,6.661957897,185.7446728,jute
70,43,40,24.35564134,88.80391021,6.176860192,169.1168028,jute
67,55,44,26.284017,75.14640198,7.251847296,182.2685447,jute
74,40,40,25.13842773,83.12053888,6.386259978,169.3388465,jute
89,53,44,24.88692811,71.91711523,7.319735475,150.2498675,jute
74,46,45,25.75734909,88.36668522,6.025028997,189.4263485,jute
89,41,38,23.12844351,74.68322732,6.344751947,199.8362913,jute
60,55,40,24.9949957,88.95692783,7.02777956,151.4935635,jute
67,43,38,25.21622704,70.88259632,7.299304715,195.8645552,jute
70,38,35,24.39736241,79.26861738,7.014063944,164.2697011,jute
74,49,38,23.31410442,71.4509053,7.488014404,164.4970373,jute
90,40,39,25.72668885,81.86171563,6.626503893,191.9649389,jute
82,35,44,26.96656378,78.21047693,6.239011,169.8391177,jute
73,45,37,23.70467146,74.63745355,6.742688094,181.2783964,jute
85,53,38,24.90075709,73.84186449,6.588017308,153.8990984,jute
81,56,36,23.39605743,72.60512854,7.097586415,174.7876411,jute
84,55,38,26.8748389,79.78725152,6.956682743,173.1017097,jute
80,45,42,23.1426498,74.99739774,7.380396262,151.9035477,jute
76,54,45,24.29496635,77.62976013,6.176618831,184.9800516,jute
76,56,39,24.39459498,89.89106506,6.551130445,197.1220049,jute
81,40,45,25.7629429,80.76238215,6.427726565,174.5071843,jute
76,44,45,25.4879684,84.48235878,6.740947635,168.7848886,jute
69,47,40,25.37122686,76.2403666,6.130136384,183.8270791,jute
82,40,45,26.21312799,81.70476368,6.667633355,180.1237765,jute
69,57,35,24.30748599,78.54340987,6.186814392,186.2337571,jute
81,36,38,23.76554749,87.98329901,6.334837865,150.3166152,jute
67,60,38,24.79853023,78.53037059,7.16214284,162.2847429,jute
72,51,40,23.20683504,74.09956958,7.422318499,199.4766779,jute
65,39,45,23.66805429,70.89000744,6.768001309,184.4633281,jute
78,50,43,25.12417673,85.72530641,6.348441469,159.5718087,jute
77,52,41,23.89069041,83.46409075,6.097294061,167.7230632,jute
89,52,42,23.09433785,81.45139295,6.14132902,196.6587013,jute
62,49,37,24.21744605,82.85284045,7.479248124,166.1365886,jute
90,48,45,24.06475727,71.31342851,6.509174789,153.6390212,jute
66,47,36,24.85441411,74.4407048,6.57256106,175.572958,jute
80,52,39,26.41915161,76.85691248,7.165696848,197.2101782,jute
89,52,45,24.89326318,77.01222585,7.207457208,196.469984,jute
77,51,44,23.25583402,82.7015932,7.124333547,166.2160846,jute
94,37,41,24.7634518,87.06071115,6.463538707,179.1630865,jute
75,41,35,24.97042599,78.62697699,6.856833064,166.6415254,jute
60,55,36,26.12797248,80.49172597,7.132389299,150.6326874,jute
62,56,35,25.97825807,81.65769588,6.235357638,163.3488091,jute
84,40,42,26.2830571,73.35763537,6.704273839,186.6898282,jute
100,56,40,26.38905406,83.31240346,7.433313409,176.1516409,jute
75,56,44,25.2746335,73.7459581,6.109478059,168.0432282,jute
78,46,42,23.09499564,78.45959697,7.095413294,155.3851533,jute
82,48,36,25.79351957,81.76904006,6.352076783,193.2418382,jute
100,58,41,23.17403323,87.88255345,6.658769991,160.6217342,jute
88,50,40,25.63215038,79.95150917,7.051822472,182.2582277,jute
67,41,40,25.848795,87.81661683,7.333143205,152.6194403,jute
72,42,43,26.56767277,80.90424543,6.352771037,181.2915605,jute
89,40,43,26.24532085,72.97198375,7.124050134,189.9711184,jute
89,57,43,26.91515043,73.19897535,6.998787171,177.2233048,jute
61,41,44,24.36972377,82.11319791,6.537914958,159.9210934,jute
79,45,43,25.71901283,79.15532398,7.171054239,187.1735424,jute
84,40,43,25.01157559,88.3313023,7.228268228,169.4168014,jute
98,43,35,25.40785911,76.44048625,7.319952206,188.6372826,jute
75,36,44,23.28081,74.27607475,6.613341343,153.7447398,jute
89,58,35,23.98651719,82.09053379,6.096838784,167.0576456,jute
91,41,37,24.48556447,83.20630007,6.132570523,192.2316221,jute
77,48,36,25.86705009,84.09985284,7.36008498,154.8390847,jute
66,58,35,23.5643831,79.46283115,7.321619041,185.25947,jute
62,59,41,24.2248758,74.89465426,7.175170657,192.4931257,jute
82,35,35,25.49386782,86.97061481,7.299076163,176.5268267,jute
61,41,35,24.97178693,79.47557931,6.842966479,195.7571622,jute
99,57,38,24.80624984,82.09281674,6.356295568,156.3616174,jute
70,42,43,23.16814977,76.66724969,6.508342839,157.1215052,jute
90,59,35,24.25133493,89.86454053,7.098227926,175.1742112,jute
73,43,42,26.58361011,78.00774772,6.310699968,154.8238864,jute
67,46,44,26.82489244,78.20392774,7.093328631,153.9199807,jute
84,37,42,25.49674786,81.13449097,6.691074249,169.9288234,jute
72,41,36,24.09874353,80.57226761,6.187746776,176.8604109,jute
71,56,37,23.18866654,86.20899734,6.491506245,176.103677,jute
64,53,38,26.24347471,78.51063754,6.855362875,183.4065252,jute
65,54,39,23.75091572,71.14782585,7.124571593,160.0889553,jute
60,58,37,26.13871511,79.1188943,6.067302109,171.4892533,jute
86,39,43,26.14576648,71.23690851,6.432051512,193.1007598,jute
90,50,44,26.91643698,73.48655995,6.253408852,171.4716375,jute
91,38,36,26.5232969,77.17331847,7.287318723,157.8548562,jute
87,48,38,23.81579631,80.94023552,7.161865733,190.312216,jute
72,41,36,26.50838667,86.84264005,6.065898283,152.9801697,jute
71,54,35,26.63952463,70.95705996,7.311077075,199.3355744,jute
82,46,41,23.3250131,79.79609448,6.581693772,187.3096148,jute
71,52,43,26.47549543,73.96164569,6.732826127,180.2513601,jute
80,43,43,23.78756036,74.36794079,6.014572075,172.6442654,jute
77,55,43,25.49941707,75.99987588,6.663559451,193.7141828,jute
95,57,41,23.24925555,73.65346838,6.434610995,184.7674863,jute
63,47,35,26.98582182,89.05587886,7.432768147,193.8778713,jute
93,43,38,23.61475336,86.14290267,6.987332927,150.2355238,jute
87,44,43,23.87484465,86.79261344,6.718725189,177.5147313,jute
88,52,39,23.92887902,88.07112278,6.880204617,154.6608736,jute
90,39,37,24.81441246,81.68688879,6.86106911,190.7886386,jute
90,39,43,24.44743944,82.286484,6.7693455,190.9684885,jute
84,38,43,26.57421679,73.81994896,7.26158085,159.3223075,jute
91,21,26,26.33377983,57.36469955,7.261313694,191.6549412,coffee
107,21,26,26.45288458,55.32222678,7.235070264,144.6861336,coffee
83,38,35,25.70822684,52.88667115,7.18915558,136.7325092,coffee
108,24,31,24.12832546,56.18107663,6.431899748,147.2757818,coffee
116,28,34,23.44372334,60.39523266,6.42321105,122.2103248,coffee
116,23,25,23.4123707,52.26994674,6.869720196,139.3670753,coffee
109,31,27,23.05951896,50.40609436,6.973839707,164.4971875,coffee
89,25,34,23.07895447,63.65861483,7.184801627,129.8765443,coffee
118,18,32,27.6496114,51.11044023,6.351823783,122.8392822,coffee
111,32,34,25.46743689,69.35161206,6.392048018,171.3764462,coffee
84,36,28,26.7350622,55.55164819,6.119892347,140.6305213,coffee
85,33,25,26.20811417,52.50987966,6.910823945,189.0944824,coffee
99,15,27,27.0424167,57.27927475,6.501157208,165.6872119,coffee
81,30,31,24.65090184,51.93952357,7.027585559,135.1386537,coffee
95,39,29,27.35152643,55.99375012,7.13411409,148.9812525,coffee
81,34,30,25.17787724,62.26244581,6.647765997,135.0119649,coffee
80,15,28,23.11438731,68.00096043,6.703270635,161.8944624,coffee
104,20,26,27.22783677,52.95261751,7.493191968,175.7260273,coffee
109,29,28,23.26316991,60.5160021,6.724688503,194.1755471,coffee
100,32,26,25.234661,57.53161469,6.043485685,124.2261737,coffee
100,24,28,25.59535262,57.72920846,7.101661011,195.7733251,coffee
83,21,28,25.5674832,60.49244602,7.466900683,190.2257843,coffee
120,23,28,25.67324193,51.29043632,6.877799264,196.2736367,coffee
104,26,30,24.40726724,62.65692638,6.410992833,148.6977358,coffee
108,33,31,23.69287069,66.76090123,7.393825704,144.6576424,coffee
91,25,26,24.53460016,66.99765375,7.482414225,180.5059257,coffee
86,26,27,27.13140403,52.89368299,6.081172981,192.4280381,coffee
98,18,27,27.56088634,68.49299897,6.516312148,167.4358075,coffee
111,27,31,23.59302313,55.27564977,6.043330951,191.3980675,coffee
84,39,35,23.17714381,52.13864034,6.959404135,117.3113562,coffee
98,27,27,24.71384065,51.29142534,7.238109556,197.6439711,coffee
118,21,34,24.38534644,64.72543073,7.234258375,119.6324109,coffee
103,27,31,27.15998538,51.59100753,6.691541233,126.1752206,coffee
82,24,33,26.53543168,67.09608099,6.809593554,120.6494434,coffee
86,31,35,27.01207284,60.76645256,6.485761419,191.4508931,coffee
88,35,35,27.55906475,58.45742907,6.784460602,117.9389993,coffee
84,27,29,23.32293161,53.00366334,7.167092586,168.2644287,coffee
120,40,33,24.23850608,54.30329632,6.73410539,115.1564012,coffee
106,40,30,23.42611644,64.10651528,6.779984384,122.6847408,coffee
113,21,33,26.02241444,55.83288958,7.277422738,176.9020924,coffee
117,34,25,24.83846178,56.7685316,7.21270048,124.4135035,coffee
80,30,25,26.24092174,65.64381357,7.487266991,148.3771202,coffee
88,21,27,24.43011925,66.02411187,7.231166546,181.6368274,coffee
113,33,34,26.00373964,62.1445102,6.559817161,153.477776,coffee
87,23,28,26.22367404,62.26594559,6.979590627,193.7461968,coffee
113,15,29,27.09617155,63.55324262,6.779230041,190.2440566,coffee
98,29,30,25.64004392,61.03273481,6.217974349,199.4735636,coffee
97,29,27,27.74576987,54.36976075,7.205078785,139.8619431,coffee
85,35,32,26.24928198,54.28617819,6.854011265,133.1120232,coffee
82,29,35,26.67377159,52.24226285,6.246872394,156.1543898,coffee
103,33,25,27.10210397,55.7497332,6.911066044,139.5013171,coffee
112,17,28,27.62975458,61.26002598,6.777417989,196.6492664,coffee
99,19,33,27.5364547,55.51673151,6.273741983,130.6377143,coffee
120,20,34,23.56960509,50.56339727,6.906124587,130.3797119,coffee
114,27,28,24.99451759,57.93250202,7.162802357,192.8736822,coffee
100,40,35,27.56441788,54.41094079,6.955787351,177.816092,coffee
108,35,25,23.98143338,61.10935084,6.971963169,161.5279095,coffee
115,31,30,24.22984659,67.37768353,6.840927967,122.4073418,coffee
87,28,30,25.60153969,68.66257977,6.536676653,168.8383605,coffee
82,24,26,24.31274458,53.57285558,6.089443603,184.4103931,coffee
94,26,27,26.36629861,52.25738495,7.456460375,177.3176161,coffee
87,28,35,26.5602777,57.1621814,6.759211911,152.0616227,coffee
118,40,35,26.35034208,58.50650238,7.460174812,121.5586297,coffee
87,38,29,25.20406808,57.88370456,6.652642579,156.1457255,coffee
92,40,30,23.35723208,55.18792166,6.026287448,171.6976946,coffee
97,22,26,23.60567546,59.68849145,6.074190142,185.1568059,coffee
99,40,32,24.18471151,69.94807345,7.045543056,163.2708732,coffee
89,28,33,26.44414097,53.83876189,6.993236001,175.3723314,coffee
112,39,29,26.12492233,63.37479229,6.726528895,147.8035305,coffee
111,28,26,27.77363343,64.47858698,6.937352845,192.7121236,coffee
114,20,26,25.55656667,62.67087838,7.27905689,193.5866233,coffee
117,26,30,27.92374437,67.96910852,7.079850922,115.2325531,coffee
111,29,31,26.05968403,52.31098539,6.136286518,161.3432535,coffee
119,30,28,26.35770906,64.57578034,6.505203696,163.6269496,coffee
116,40,33,24.91370487,54.15319242,7.042089492,129.5481144,coffee
95,37,35,27.31317116,68.4233391,6.348337519,192.4288139,coffee
86,40,33,26.1387869,52.26311691,7.432322234,136.3027766,coffee
117,37,32,23.1069385,67.06230539,6.787658922,162.5769606,coffee
105,18,35,23.52648086,68.44030686,6.743417121,171.8839938,coffee
109,23,25,25.11711046,68.48030408,7.00733163,194.8773479,coffee
80,18,31,24.02952505,58.84880599,7.303033217,134.6803969,coffee
101,31,26,26.70897548,69.71184111,6.861235184,158.8608887,coffee
103,33,33,26.71717393,50.50148528,7.131435858,126.8073984,coffee
93,26,27,24.59245684,56.46829641,7.288211994,137.7044047,coffee
104,35,28,27.51006055,50.66687215,6.983732393,143.9955548,coffee
116,36,25,27.57847581,58.52534263,6.172090205,156.6810374,coffee
107,38,29,26.65069302,57.56695719,6.35118177,145.105065,coffee
101,33,33,26.97251562,62.0183627,6.908671379,142.8610793,coffee
107,31,31,23.17124551,52.97841162,6.766184468,153.1201644,coffee
99,16,30,23.52652084,65.44340921,6.392791654,186.1728203,coffee
103,40,30,27.30901814,55.196224,6.348316257,141.4831644,coffee
118,31,34,27.54823036,62.88179198,6.123796057,181.4170812,coffee
106,21,35,25.627355,57.04151119,7.428523634,188.5506536,coffee
116,38,34,23.29250318,50.04557009,6.020947179,183.468585,coffee
97,35,26,24.91461008,53.74144743,6.334610249,166.2549307,coffee
107,34,32,26.77463708,66.4132686,6.78006386,177.7745075,coffee
99,15,27,27.41711238,56.63636248,6.086922359,127.92461,coffee
118,33,30,24.13179691,67.22512329,6.362607851,173.3228386,coffee
117,32,34,26.2724184,52.12739421,6.758792552,127.1752928,coffee
104,18,30,23.60301571,60.39647474,6.779832611,140.9370415,coffee
122.980285,59.585207,41.295377,23.00519971,74.29753988,6.454343293,98.5277492,wheat
124.604608,58.591577,41.08512,21.69414432,73.60281074,6.547182643,79.6682867,wheat
109.650493,58.313137,37.974338,22.20740324,72.27592777,6.224600778,97.9145034,wheat
118.645342,60.202585,37.150504,21.6407074,75.33276777,6.275556252,92.0287693,wheat
116.396168,59.124919,38.796587,23.2225036,74.95950833,6.293746369,94.4417425,wheat
112.674938,60.626591,36.08066,21.12339721,75.59058371,6.644000983,90.9253887,wheat
119.30611,59.096689,37.042956,21.52490282,73.61808369,6.706138834,91.8555388,wheat
109.421759,60.972252,39.229835,21.55323148,76.83502887,6.701044907,95.0289126,wheat
114.964695,59.072363,40.662527,22.64385978,73.56247729,6.4637965,84.0257911,wheat
112.82276,62.437577,42.71248,21.95247332,78.01059869,6.570519025,86.5163533,wheat
122.168374,64.61411,39.928348,23.03266481,67.14076469,6.660270988,90.4700542,wheat
118.205956,60.275282,36.024862,21.85501655,76.07133771,6.788189339,87.2013408,wheat
115.149038,58.494729,41.830804,22.21697573,73.41071939,6.600087149,90.5242188,wheat
125.81187,57.893841,39.344676,21.74120862,70.60945516,6.557743454,91.4096985,wheat
120.030681,59.296239,37.169259,21.72237409,73.97185645,6.343555933,89.1290572,wheat
122.424305,65.658558,40.349156,22.16998326,74.77666225,6.125839613,89.8568251,wheat
120.361381,67.389726,39.615278,22.19902125,74.89586469,6.272107783,96.1712432,wheat
124.511598,62.373096,38.181225,22.92584425,70.79444681,6.614437133,101.8284604,wheat
114.056782,58.301107,40.199303,21.66770607,70.34800971,6.51336978,84.2635599,wheat
122.841555,57.241727,43.099869,21.48305283,74.03381545,6.658635857,83.3533327,wheat
121.36476,63.921428,36.785034,22.12185835,75.77964838,6.65245546,83.3204662,wheat
112.07726,61.565825,40.593969,22.16532528,76.03934463,6.367395179,91.25417,wheat
121.758435,57.856946,43.731549,22.31272973,71.42608951,6.628027954,84.736719,wheat
124.722508,63.475787,38.358635,22.63582825,76.23834278,6.660301731,100.2426821,wheat
118.527671,57.738792,38.220971,21.46156521,74.76869487,6.566524635,91.4941303,wheat
124.963099,60.039006,42.907068,21.82532649,83.1605075,6.622005133,85.3713492,wheat
113.574645,61.447417,39.553074,22.47124033,76.41971287,6.485798362,85.4273139,wheat
110.910917,58.660455,41.712798,22.14130187,71.26278366,6.533770281,92.0807139,wheat
114.696855,60.461175,40.116417,21.2456396,76.07336208,6.609352983,95.8484767,wheat
126.322812,55.866992,38.12435,22.33992328,76.54135785,6.600434299,110.80475,wheat
123.425343,63.406697,41.908004,22.42991823,74.05419227,6.647998998,85.8267438,wheat
118.579088,58.543909,40.163748,23.52767465,69.39820442,6.633820737,81.2913343,wheat
117.168409,63.266852,40.12856,21.28868845,72.85408887,6.632521561,86.0560202,wheat
121.298752,60.136716,38.696799,23.4150031,76.90175707,6.105097196,91.0068533,wheat
116.029281,62.5573,38.414959,21.92427395,76.51496184,6.668822263,83.5183994,wheat
117.992993,58.575164,38.693342,23.1651998,76.21494513,6.254127629,94.9564545,wheat
132.732937,63.097396,36.96126,21.68040551,78.80073345,6.362004454,92.3966249,wheat
124.647804,57.219209,39.880949,19.86076356,71.92683708,6.45074921,83.2619708,wheat
129.794468,55.709576,39.119911,22.08628878,79.32381987,6.220006881,96.2810843,wheat
120.061398,57.055474,40.924207,22.1313794,73.19934937,6.513611407,87.9193066,wheat
120.681104,61.986392,43.172034,21.18304177,81.39910012,6.119342879,89.1803605,wheat
123.529903,60.842976,38.754601,21.86263931,73.5209972,6.385073872,94.5878513,wheat
122.142093,57.921271,41.7992,22.20281768,77.43858636,6.622777624,85.5234269,wheat
116.638914,62.241881,41.220741,21.98620495,75.35198215,6.749144655,86.8055145,wheat
123.282584,59.393422,39.564638,22.72519272,77.47624905,6.658634379,97.0495856,wheat
120.126023,62.045859,39.379466,22.21394979,74.60957084,6.518914213,93.2138479,wheat
115.090676,66.277162,37.987965,21.19863552,78.47433262,6.654374225,93.370247,wheat
123.770073,59.96326,38.205491,22.05003101,72.96851487,6.690148348,89.2058901,wheat
115.047017,59.035842,40.825863,21.6279418,72.53333881,6.547519006,91.3228195,wheat
116.958341,58.586885,40.4641,21.04426433,70.77760868,6.359903377,88.8473854,wheat
121.865445,64.426069,41.715319,21.89444057,74.94295138,6.304506774,89.9000291,wheat
118.268048,60.968156,38.345538,22.3427687,79.59821674,6.478791771,92.1692433,wheat
124.140864,58.796339,40.448185,22.00831098,75.2930283,6.349263092,90.1323549,wheat
122.98799,64.353431,41.918542,23.42110042,72.69795731,6.670102524,90.9900468,wheat
133.138818,57.575105,38.320556,21.60440085,68.62831283,6.397477771,85.9006836,wheat
120.902363,61.025268,43.752342,22.62727973,73.26928903,6.324809139,92.6563635,wheat
112.078601,65.494376,42.35888,21.69034407,69.86059641,6.764005113,89.3814848,wheat
127.426898,55.216717,38.80125,22.00346084,75.14094178,6.412237233,93.3633896,wheat
113.594277,59.572862,40.240591,22.33952963,77.13484463,6.280694792,81.7157835,wheat
127.666061,60.996942,38.503027,23.0237603,75.3470239,6.729962951,90.3645998,wheat
132.364488,65.266023,39.502072,22.64123683,76.93612785,6.766883154,84.7894133,wheat
124.116309,63.175273,36.482521,21.21904938,68.88230347,6.447465667,93.8747282,wheat
129.014142,60.222284,43.257231,21.08913304,69.88985268,6.489168199,92.0739534,wheat
119.803832,53.797674,39.82176,21.13905013,77.00901765,6.571486658,84.9246492,wheat
116.916798,56.822359,39.874642,22.63039393,72.04282186,6.598289071,87.1366089,wheat
115.242763,59.678909,37.929515,21.63459146,71.40636632,6.883121401,90.1904232,wheat
115.801647,60.64194,39.775344,21.85416006,76.8425001,6.647714003,87.1352938,wheat
116.545091,59.174845,35.396158,20.9999739,79.1006228,6.820768704,88.6552054,wheat
123.459342,60.93375,46.157762,22.73891944,74.61624723,6.313669614,81.3251899,wheat
121.220782,57.730948,37.155493,21.5732619,71.75535599,6.828992619,94.7608547,wheat
119.952164,64.439832,40.154737,21.43155243,79.56937223,6.605087459,84.3988708,wheat
118.857968,57.373145,37.234401,22.61127718,80.72824992,6.227279323,93.0400339,wheat
116.096145,58.538624,38.815212,21.42976609,75.14556488,6.337964727,91.4604669,wheat
119.698571,59.283156,38.184873,21.61933092,77.26617368,6.597678852,84.7212017,wheat
120.595994,62.254161,36.661189,22.35861773,73.01212872,6.61126674,85.8784006,wheat
109.170707,55.117373,40.09617,22.17141685,72.28705012,6.624525529,81.0277917,wheat
119.603521,56.366951,38.696328,22.03128312,72.4187599,6.425011669,95.4339812,wheat
116.538649,62.507076,37.740586,22.34967076,79.32470586,6.018029322,85.6967656,wheat
123.462433,59.390864,40.742292,21.60136978,75.25976936,6.469642939,96.3060231,wheat
121.526525,61.012808,39.176246,21.67817989,73.70232544,6.576918168,87.7266838,wheat
121.738649,66.226202,41.742249,21.78482447,78.60364177,6.420425302,78.9941275,wheat
113.951482,54.387624,39.296973,22.01215613,80.02931194,6.563750838,88.8168571,wheat
124.976433,53.366594,40.471229,22.50877103,70.56424126,6.723032038,91.8278806,wheat
117.508273,61.898346,44.541386,22.12003173,75.74466176,6.410424625,85.4108404,wheat
124.982015,57.431749,40.143132,21.68474609,76.43693948,6.565064111,95.6027157,wheat
116.939902,59.190375,38.042473,21.70676645,76.13190148,6.64761278,85.0203072,wheat
125.217636,64.066914,40.82687,23.23868524,72.6786324,6.257292333,80.3949107,wheat
128.976266,61.963097,39.888831,22.18477929,71.62353286,6.976921636,90.6977944,wheat
120.656369,62.1773,40.962018,22.14776346,72.62857663,6.59193633,100.1629323,wheat
128.07252,64.77956,38.977569,21.34686082,74.62263924,6.510866358,95.9086342,wheat
109.845212,64.588651,39.683984,21.71825849,71.96368687,6.177302949,94.4451212,wheat
120.439908,56.130117,37.409842,21.7783821,80.00706458,6.449379686,81.8830281,wheat
118.525542,59.181829,34.606227,21.96416539,74.30719641,6.635760241,99.9843629,wheat
126.75939,59.193334,37.786948,23.69841747,75.1776553,6.502716212,89.8697245,wheat
121.188509,59.566919,38.852676,21.6390731,74.90174019,6.39403217,86.1506328,wheat
120.638581,59.235068,43.007986,20.25035993,78.27452056,6.742986613,78.8036927,wheat
117.943874,58.885677,37.184977,21.48664099,71.66827246,6.841692736,95.0526633,wheat
127.629331,62.165016,37.741896,21.65381662,76.46812368,6.261685077,93.8501915,wheat
118.558048,58.875538,41.42192,22.29321379,73.9171015,6.726069312,84.162258,wheat
123.695614,61.779304,39.380907,22.21524779,71.24665927,6.680185269,89.0015285,wheat
58.431831,31.573514,28.943484,19.15492322,60.95276415,6.92362603,64.6221967,barley
65.264383,26.877106,32.544685,20.12661048,64.74854591,6.688836506,71.6763717,barley
59.887096,31.654953,30.171341,20.09018106,64.05460825,6.788383093,71.2927674,barley
54.869495,27.977722,31.114896,20.10251926,64.52164333,6.803760522,71.4598432,barley
58.380721,28.832543,30.293768,19.41297633,66.06145716,6.452672945,74.3224537,barley
61.417792,30.384045,31.474036,20.99928467,67.63736217,6.424461657,64.6257767,barley
58.125544,30.039137,30.776489,19.56455371,65.48559359,6.645901882,67.4316252,barley
55.780017,28.61515,27.972473,19.41447605,67.73946867,6.606322627,81.0560047,barley
61.479954,30.277254,28.712463,20.42018593,63.50334165,6.824890002,80.7523551,barley
59.71182,31.72391,28.945235,19.97900691,69.60408165,6.67209872,77.6122839,barley
62.123256,29.1563,30.948612,20.58353267,66.6167059,6.479674157,66.9460239,barley
59.257444,29.88835,30.931008,20.1066206,61.52810467,6.877560362,72.5644601,barley
61.679371,31.621171,31.250883,20.27550805,64.81756915,6.46116397,71.8043965,barley
60.623063,30.407368,28.084877,19.35136608,67.73819742,6.791930749,72.8623029,barley
60.084955,30.044634,31.407426,19.69037316,65.24991402,6.705695841,68.1751158,barley
59.072484,30.333201,29.281877,20.75345368,62.67402101,6.761878185,68.1531296,barley
64.340934,30.294832,31.547767,19.10866378,65.69433069,6.981484682,70.3455928,barley
63.196441,29.224067,32.114021,21.37933887,64.05661974,6.709117486,76.1042148,barley
64.738716,29.21571,29.36972,19.83092923,61.50442867,6.612595003,65.7826088,barley
57.696607,29.947973,30.351322,20.9303003,62.40427949,7.000801769,69.1012469,barley
59.851609,31.012229,28.315917,20.22944585,65.43277574,6.900460058,71.2145083,barley
67.3659,29.04339,29.203505,19.62611568,63.55575949,6.669973026,74.9938694,barley
64.261513,29.143881,28.751467,20.28284933,63.56422008,6.929118091,70.8522767,barley
55.452768,32.321258,32.693817,19.63232679,63.99197594,6.85831654,71.4047185,barley
61.975633,33.015307,29.734579,19.52102165,61.41377001,6.650890272,69.8608667,barley
65.383674,29.223583,30.335682,19.99014626,68.08982251,7.315494215,67.7703512,barley
58.531682,31.566241,31.022837,21.1080244,66.51821328,6.726704413,72.4807503,barley
63.326111,31.230723,30.760911,20.64000481,68.04016854,7.081960434,72.7245815,barley
59.498646,30.220071,31.809763,19.5098386,65.9585506,6.719758882,70.1207283,barley
63.835356,30.286649,30.069655,19.18408632,66.94025927,6.931678773,79.0856698,barley
59.076665,30.328725,30.374076,20.94647197,64.75223162,6.856920391,72.5531653,barley
60.559827,29.33035,30.291135,20.64417905,62.33106022,6.827125814,67.0594926,barley
63.58514,27.71522,29.161617,20.22632713,69.07036248,6.786586947,67.668162,barley
65.643471,27.827979,26.701791,20.26400867,63.69465902,6.591668505,72.9750971,barley
60.731402,29.153882,28.079543,20.5234744,66.69052306,6.779768124,77.7558754,barley
56.789746,27.711712,28.962138,19.97264839,65.63268257,6.750787844,71.4786327,barley
56.245382,32.165647,29.876773,20.6703775,65.8910859,6.893177657,72.3930226,barley
61.343126,30.964084,31.993729,20.1179127,66.84340977,6.781693918,76.0484923,barley
57.970823,32.701411,29.939763,19.14153494,65.33307148,6.661065462,73.5307029,barley
58.042128,29.330725,27.165689,19.72861621,58.69791375,6.476883824,73.1937416,barley
62.3574,30.638186,28.549536,19.97137319,64.9906334,6.563693603,76.3142729,barley
62.632087,29.668554,30.040329,20.12502968,59.69148934,6.749575814,67.1356662,barley
56.99514,29.57835,32.69653,20.38450572,63.51493463,6.916806887,75.8772928,barley
62.773901,30.089446,29.029595,20.41893399,66.023062,6.982619417,72.6677216,barley
63.148658,29.197147,31.976091,20.11855976,70.39567827,6.659405685,77.291048,barley
60.593732,29.022873,29.274171,19.80779162,66.10283146,6.90665844,67.59046,barley
59.926936,33.213406,32.591315,20.2617942,65.09880904,6.824486391,72.5767755,barley
56.931622,29.613935,27.497124,20.23953387,66.68270944,6.701429962,76.6107444,barley
56.322703,27.803438,30.336678,20.62825898,69.378212,6.70638761,74.5304595,barley
59.884475,29.741059,31.32549,20.39139373,60.90138039,7.101214231,75.7963837,barley
58.123312,30.593705,30.741045,20.15640426,63.5692066,6.662988833,69.8926729,barley
63.518187,30.8154,29.444079,20.46301923,57.59378919,7.034348203,62.6932021,barley
58.912677,28.320495,28.057978,20.69649607,63.78397688,6.870686792,69.8029336,barley
61.431122,30.115233,28.075512,20.59776009,63.71623288,6.482457293,68.2019163,barley
64.502279,31.275333,29.477022,19.79044538,64.16374887,7.223656589,71.6041289,barley
61.290125,31.545425,30.358184,19.84457471,64.48949039,6.785393343,69.8436666,barley
62.182889,30.077919,31.09896,19.95157005,65.20445149,6.39236706,73.8485762,barley
61.039465,31.497015,25.655617,21.25302482,64.63706697,7.026069295,65.6323951,barley
61.838322,28.419877,29.064347,21.14841881,64.50422576,6.844356306,73.6542845,barley
61.487046,30.225628,30.547442,21.44204935,64.85019113,6.841024206,74.4127485,barley
63.316578,31.780545,30.958095,19.31419705,69.24692198,6.56614554,71.271069,barley
57.737172,29.903792,30.493144,20.19281433,66.09699396,7.129197099,71.9048441,barley
59.26753,31.446131,31.784206,19.26343531,66.55324018,6.943039239,68.7502333,barley
64.12712,29.774917,30.188365,19.89615691,65.04050552,6.576359882,63.9517863,barley
64.783515,28.729558,28.512911,18.70796593,63.33869946,6.530089682,76.8964637,barley
63.029451,28.967774,33.378654,20.58905929,64.1554384,6.290121234,79.6219588,barley
55.831283,27.531902,31.533856,21.46385144,68.59910933,6.91503746,72.4979682,barley
62.560247,31.138393,30.421787,20.06252066,64.83725787,6.646191224,68.8211647,barley
54.92113,29.852491,28.517113,19.33784641,65.46772479,7.083968466,73.8569297,barley
55.288498,28.515558,31.411157,19.41050756,64.41595381,6.912210628,65.9329533,barley
60.316127,27.998962,29.097949,20.19186916,60.85821629,6.889856847,69.9175212,barley
61.65747,30.335871,32.046211,20.0751347,63.88354559,6.824948691,72.2818517,barley
60.14658,30.060888,28.947012,19.60225945,61.35322629,7.156913656,64.7757744,barley
57.921284,28.922389,31.342387,19.82303019,68.24412939,6.662607913,71.1717755,barley
57.493959,33.217724,28.218602,20.18589243,66.64781989,6.884415016,69.2217918,barley
59.610538,30.065717,29.779497,20.57832747,70.7473598,6.686271676,64.2468275,barley
59.735154,33.869564,28.794488,20.98347008,69.36202212,6.687067999,72.3897289,barley
64.88519,29.431308,29.694629,19.65099145,62.3616325,6.667547381,64.8594509,barley
60.10225,28.84504,30.350679,19.06646261,65.8602886,6.970039908,61.6263103,barley
61.12217,31.841503,28.185538,21.00354343,66.08944942,6.656177581,69.7657699,barley
61.674981,30.114008,30.808134,19.44759584,65.44033814,6.511602243,69.5328505,barley
57.288277,28.896705,31.85414,20.65478607,66.58375911,6.577168196,68.6710845,barley
63.639293,30.212575,33.478994,20.2359907,65.4993277,6.736940241,70.5608718,barley
59.54259,31.062163,31.435053,19.52840632,61.53879432,6.425414104,72.1335636,barley
56.6899,26.770664,30.582868,21.49579971,64.98421563,6.971052118,70.3436833,barley
59.703331,31.378615,29.564588,20.16043539,65.8364143,6.663709547,74.1665779,barley
59.475121,28.866382,30.804765,19.46091921,65.07327101,6.798139725,74.5607614,barley
61.424095,29.96246,31.226649,20.83412453,66.4503068,6.802111934,64.4902878,barley
56.804659,29.542163,29.085732,19.88781722,65.1472898,6.908057322,69.7039051,barley
61.459505,30.096712,27.0368,19.43639876,64.62537236,6.553222272,72.5197007,barley
64.592252,31.828143,29.679836,20.89443568,65.38653539,6.731234462,67.4237088,barley
59.092591,29.417735,30.255624,20.09634439,65.00791965,6.889135387,75.0007144,barley
62.848662,27.772653,26.169118,20.56059195,61.44611538,6.754147858,65.0855253,barley
54.594059,30.812194,31.138733,19.65409376,58.26329004,6.688566133,71.6455768,barley
55.563265,30.27504,29.977035,20.3475749,65.31090896,6.601493936,75.0256003,barley
59.524411,29.959043,28.600098,19.73403065,62.69951294,6.764719004,77.1891756,barley
55.884297,27.579658,32.206755,19.87440579,63.26041088,7.012140556,67.4564147,barley
65.478029,31.016889,29.268133,21.29438493,63.4251412,6.951387456,71.2570288,barley
63.905224,32.342267,30.048006,19.54794928,66.19592757,6.661746065,78.4562264,barley
60.409606,29.452018,30.27702,19.19172423,62.4738035,7.044884437,67.241044,barley
113.718534,30.804979,31.778556,25.53921498,77.98814306,5.37512881,137.203704,ragi
129.008002,29.51598,29.62375,25.99614561,76.66869003,5.575221482,169.4850211,ragi
116.138891,31.39176,30.08552,25.20144421,79.58540528,5.5837929,154.8446647,ragi
126.435044,29.452571,28.741185,24.2163931,69.10093023,5.839274176,140.0711247,ragi
118.672478,29.58478,30.46111,25.61180291,77.58142047,5.403792223,148.4959046,ragi
121.69548,29.626963,32.411018,25.36823121,77.20463336,5.609375409,160.5612647,ragi
121.086129,28.054752,30.599532,24.51148233,73.41414995,5.596750063,161.1445476,ragi
120.127629,30.46325,32.553322,25.18056488,82.80504934,5.593309092,134.1531352,ragi
124.52005,30.571738,31.934629,25.50488601,74.58463205,5.297990791,148.1187907,ragi
114.896877,29.129215,30.882868,26.25242838,76.18401459,5.302679295,154.001424,ragi
127.179789,29.085326,29.798974,25.01101615,72.64530506,5.606966272,148.9114667,ragi
122.517195,28.668762,29.343813,25.54178602,73.88150054,5.784949035,146.4032743,ragi
121.348108,31.398886,27.872451,23.67939339,70.42303106,5.708326377,145.0332767,ragi
135.349196,29.153629,30.276827,26.15658246,81.01827866,5.84014809,160.8752961,ragi
126.144375,30.88879,31.167542,24.58661071,72.54540335,5.499443215,148.4683384,ragi
117.280632,31.044581,31.432958,25.06630516,79.43259024,5.311621296,148.2570649,ragi
115.699066,27.200195,29.875979,24.90868937,79.54034923,5.604083928,140.7823186,ragi
131.124555,31.831551,30.873147,24.83013693,72.12168229,5.438585882,159.7987376,ragi
131.307518,32.314865,29.266726,24.16028693,75.42265874,5.208207505,152.9085094,ragi
119.114384,29.300945,27.607945,25.38520008,73.40189748,5.306963722,124.1496401,ragi
119.834911,32.658377,32.491889,24.65717781,73.19336382,5.577347752,141.014531,ragi
121.810751,31.14912,31.8404,24.92488444,74.38897875,5.355132873,142.5580768,ragi
118.641127,30.551048,31.370377,24.39761579,79.47806571,5.455264606,149.8076944,ragi
115.51673,26.36364,31.326068,25.55263292,74.15601733,5.511053468,154.643453,ragi
110.624725,29.206421,31.191397,24.05928293,75.8806738,5.276164002,154.1978698,ragi
119.786151,27.577302,31.747109,24.44905632,72.56924269,5.533093918,160.3377361,ragi
113.905069,30.09252,30.643225,25.51982921,75.52932467,5.439440407,142.551688,ragi
120.516863,28.391791,25.617974,25.32741985,77.71180452,5.110116148,140.9124237,ragi
123.714926,33.086243,30.031191,24.45399779,74.45131068,5.726854609,144.1863224,ragi
115.204848,29.275885,28.570007,25.09200274,79.87403538,5.55330808,147.7288185,ragi
118.249132,27.655214,31.324665,24.9416221,74.45856026,6.026862749,152.6887762,ragi
115.489254,29.360464,31.722669,25.08495281,70.68516607,5.651672774,143.9867032,ragi
131.239787,31.620072,29.329017,25.96076227,75.20356653,5.640707656,154.3625954,ragi
114.92186,29.034675,31.544941,24.7489185,73.78905461,5.342404774,153.8123916,ragi
132.37515,28.398701,30.036329,26.05916542,74.76107583,5.574641346,140.4384582,ragi
122.569843,29.719284,31.478595,25.89053954,82.76869093,5.595639474,152.9321668,ragi
121.166306,29.470251,30.507726,24.77844894,75.50538293,5.717403593,140.9411169,ragi
126.839271,31.975673,29.822897,23.40860883,73.17653404,5.7140041,149.7941874,ragi
114.004187,29.242838,31.26093,25.41005018,74.2832037,5.439473972,146.4741767,ragi
114.465539,32.423064,29.516519,25.91286889,79.56394816,5.664721298,146.1154172,ragi
122.422381,29.963707,28.644447,25.24326946,71.46288063,5.695967099,145.8184443,ragi
121.206958,30.424932,29.611643,25.44002035,73.57528903,5.643764054,137.8861829,ragi
120.758277,32.908393,28.499503,24.49169127,76.54172355,5.529630994,153.1556709,ragi
122.935123,30.952082,31.66455,25.30736399,74.27622704,5.610974661,167.0989374,ragi
119.204198,28.538206,31.660621,24.90971413,68.48199136,5.639824577,145.1820463,ragi
119.4568,30.49797,30.28575,25.53208886,73.69354089,5.584662457,147.6640799,ragi
124.432863,30.923051,28.596842,25.81448659,73.39210966,5.633329537,153.3055858,ragi
131.029102,29.664801,29.476025,24.9854353,74.09046065,5.631990414,135.4532045,ragi
113.677905,28.398296,31.425461,26.28296003,74.68665234,5.472144416,150.6304695,ragi
126.97127,28.60897,30.357553,25.73139822,76.50328251,5.531280967,159.0094148,ragi
103.780606,31.016813,29.018886,23.62702533,76.5336078,5.72665366,148.7629634,ragi
125.717247,32.418417,31.972372,26.2299734,77.22638247,5.51244655,135.5823077,ragi
118.523625,28.73513,33.256414,24.86808564,75.36961442,5.590995087,150.392422,ragi
130.170306,29.066026,30.291911,24.44314706,71.03993247,5.3990581,149.6666688,ragi
117.424187,28.961369,27.890524,24.93767082,70.48583888,5.625409234,150.7419578,ragi
111.254691,29.536186,28.871765,25.23938088,79.02135134,5.190596543,151.0352347,ragi
119.039203,31.00701,30.319795,24.436023,74.04283819,5.368655734,159.6840642,ragi
120.12787,32.851786,29.909009,24.46869492,70.45885682,5.202481953,135.7427765,ragi
121.60276,30.763088,27.628214,25.67127874,73.55081684,5.524220847,164.5099857,ragi
125.381036,29.597204,28.663212,23.38613845,72.84254004,5.465163511,141.1153843,ragi
119.212458,30.115278,29.662716,24.51249806,75.50596402,5.572920207,140.1864083,ragi
128.465594,29.852118,30.028274,25.53116082,75.69964839,5.657267545,152.5841175,ragi
116.325376,30.542255,28.284411,25.08141978,74.90031003,5.465660719,148.8431624,ragi
108.708906,29.176913,30.139267,25.11989229,71.91697458,5.708841794,142.2044264,ragi
125.816743,30.640792,29.030659,26.33148317,71.4190895,5.651660439,159.0052409,ragi
115.976279,32.088698,29.62493,25.21652022,75.78096552,5.477839058,157.2972745,ragi
124.760932,27.377202,31.95651,23.75313101,78.09763861,5.685906348,140.1813021,ragi
117.535114,28.341443,29.677618,24.76897429,77.3389816,5.716200943,162.5611543,ragi
116.626992,29.686167,27.474843,24.39559745,77.8945549,5.766571166,138.8908602,ragi
116.445214,29.960391,30.420242,24.39279736,76.27218313,5.421816508,149.8699296,ragi
123.277705,30.009633,29.345421,24.91779265,74.73491112,5.43894818,147.6708354,ragi
129.591883,30.841379,29.55678,25.5227158,73.99854153,5.693565565,153.3267797,ragi
119.356187,30.671575,27.643686,24.1549244,71.41822498,5.523585611,165.592635,ragi
133.387801,30.957077,30.751267,23.6492067,73.3719786,5.370015681,144.4123716,ragi
118.991137,29.291864,27.03105,25.56093269,71.78177092,5.539475733,168.666744,ragi
114.483692,26.204569,29.570994,25.82571973,80.87504236,5.297124317,154.470293,ragi
117.208137,29.841077,33.966515,23.87277225,75.76121898,5.577169373,159.7720769,ragi
120.587899,30.462076,29.412527,25.20184521,73.97042317,5.602559362,146.673507,ragi
122.262602,29.956106,31.689075,24.96145471,69.6809026,5.708217048,141.8484093,ragi
116.077402,29.106508,32.061657,23.39824434,84.4132456,5.674249373,152.0091502,ragi
119.670636,30.428331,30.781684,25.48391169,76.6668134,5.514780812,148.2239542,ragi
119.09236,29.707638,31.700655,25.44516754,66.1788341,5.608223628,151.7526258,ragi
119.887747,29.417222,31.686169,25.71064485,72.681367,5.567163627,141.2550894,ragi
111.722291,29.059924,31.29359,25.71484378,76.53925626,5.619640805,154.6456046,ragi
116.15111,30.647884,31.200614,25.5657185,78.56674011,5.616870135,153.1630339,ragi
126.420901,29.960218,28.677188,24.87769978,72.76529207,5.388595585,148.699332,ragi
115.24548,29.538058,27.159578,25.15997028,75.00361643,5.365180376,155.933211,ragi
125.625421,27.58866,28.855913,24.42314324,72.1802907,5.636863349,148.2555648,ragi
118.412911,26.994206,30.953127,24.0705562,75.17979789,5.545767195,162.2459274,ragi
112.147078,25.470732,30.275774,26.35038339,78.71683906,5.534593804,145.5752743,ragi
124.842736,28.539681,30.714537,25.37910262,78.18062972,5.955343906,153.5317437,ragi
116.946218,29.961639,27.346386,24.47896515,73.77215269,5.413525414,151.3711938,ragi
115.06548,31.681546,30.000311,24.99302476,74.01631585,5.525606463,157.4258844,ragi
114.797219,29.012825,29.544411,23.99059681,72.54222642,5.421423556,157.8695026,ragi
121.575368,30.290385,31.276347,24.89697116,76.17139455,5.482968411,152.3882611,ragi
116.503448,26.341774,29.798581,26.0670611,77.77864621,5.659290585,161.1251765,ragi
120.531946,30.295974,29.073522,24.76294536,76.84731345,5.698640932,148.7449835,ragi
117.298864,30.000792,30.90181,23.91710889,68.11145714,5.40916142,139.0135882,ragi
116.951159,29.77833,29.320127,26.08935065,75.98023429,5.549578269,155.5998643,ragi
113.167001,31.558668,29.886354,25.50286046,71.7844283,5.243629804,157.3610069,ragi
81.505638,38.195897,38.260674,28.94536522,52.38329384,6.820321226,80.4068343,jowar
82.553568,39.342763,41.206375,27.54294424,54.64185561,6.507979239,79.888844,jowar
82.963297,38.973573,39.5428,27.16474653,49.36286595,6.462749586,97.3043387,jowar
83.138417,39.961479,39.474218,28.01887135,56.20366205,6.269741501,90.6830406,jowar
82.861525,41.436371,40.876951,28.01647799,56.48029472,6.615403756,83.1943924,jowar
77.705593,40.203713,43.09804,26.95915006,51.77144442,6.532128364,85.2595273,jowar
80.693367,40.487906,39.553595,29.25148529,51.47801125,6.33844308,84.4734007,jowar
73.427245,39.648291,43.32294,28.01754465,55.50754199,6.254267871,81.8565568,jowar
78.499214,39.36457,42.563288,28.46846049,52.55479249,6.548068432,87.5409309,jowar
84.560596,43.161081,37.969812,27.31887969,52.23332871,6.454366127,87.3784277,jowar
83.949338,39.848098,39.360305,28.12747671,53.16268562,6.907460051,76.8009288,jowar
80.738962,44.047212,40.0136,27.84036721,54.21362007,6.464823622,92.0015272,jowar
71.152552,43.066867,37.152086,27.77601204,54.05566228,6.614767888,76.8495658,jowar
81.848691,44.048619,37.273652,28.15935318,53.54363921,6.583048005,85.0976537,jowar
77.434052,40.975745,43.608696,27.83964081,56.58346747,6.247811773,80.1221745,jowar
81.889625,42.968232,40.711227,27.73703125,54.99844109,6.256170492,88.0830282,jowar
83.529332,39.095819,39.059916,28.22333771,54.03921658,6.48710414,95.7085811,jowar
79.011897,39.28332,38.704916,28.62512126,54.60130682,6.373372258,91.7386506,jowar
85.678412,38.799153,36.26692,28.8463115,53.49381438,6.654171992,74.9524705,jowar
83.570389,37.577656,41.461528,28.01198938,52.90133328,6.420627919,88.5002241,jowar
80.423578,41.168826,43.952881,26.68603705,58.55786766,6.520349408,80.4162014,jowar
74.678745,39.621759,41.8433,27.89285874,58.32454085,6.21702074,84.9383464,jowar
74.990426,40.727264,41.773775,27.64656009,49.27072952,6.538794889,87.2273666,jowar
81.617179,42.471564,37.857893,28.57138153,57.62351653,6.153175421,86.6302243,jowar
77.983281,39.836955,40.695353,27.59072801,53.51344223,6.506659721,79.4550457,jowar
75.656699,41.358747,37.702412,28.5597025,56.01770084,6.163467688,81.5444203,jowar
84.776438,38.037669,39.071191,28.38813115,56.72345912,6.450949917,81.952698,jowar
85.689479,43.477799,41.957716,28.07166724,53.22181541,6.338063341,87.6648219,jowar
81.673593,42.803197,41.3009,26.73741255,57.31428476,6.305378178,83.0417465,jowar
81.000801,43.991335,46.219837,28.50964737,54.59696744,6.604228601,89.5270427,jowar
78.717329,43.590423,40.460142,28.41810419,56.46503335,6.582209389,89.2785966,jowar
77.530987,38.883396,37.799692,28.36918103,56.71366031,6.589265709,93.5399114,jowar
79.977616,41.337483,37.816598,27.67483625,56.53018307,6.665574912,83.5007686,jowar
79.713603,36.964253,39.285942,28.74792186,56.26545104,6.597629816,85.2538458,jowar
80.028253,38.679358,41.397657,28.35361727,56.08244147,6.397423206,74.0179511,jowar
84.388611,39.042325,38.274448,28.58252229,54.13757219,6.706687595,88.1467303,jowar
82.734277,37.268089,42.423888,28.21945045,54.18759029,6.527960751,75.9412003,jowar
81.634611,37.941257,37.294659,26.72121828,57.44791442,6.377293638,92.8220113,jowar
77.856794,36.585284,37.766951,29.03808176,54.65702401,6.393083977,85.816093,jowar
82.007131,42.234798,42.896998,27.69779434,52.08269509,6.419374294,86.3274306,jowar
76.144964,38.085698,40.687576,27.95913202,55.07215339,6.35209341,83.8249564,jowar
76.303067,41.780397,42.070499,26.4492022,52.95507611,6.208176795,81.6848779,jowar
79.666248,37.10071,38.15628,27.15667581,55.45598812,6.513522146,81.3191385,jowar
80.707283,38.90664,39.45669,29.40569976,57.94901431,6.246581659,89.2316353,jowar
83.245586,37.703473,41.637555,29.29186281,52.53040143,6.32108695,90.1900735,jowar
81.085981,41.102953,40.681178,28.32818457,52.08176132,6.704226953,90.964909,jowar
79.082437,39.913046,36.937785,28.431974,56.25852637,6.487872752,90.7342021,jowar
78.663691,41.129212,37.960671,27.98021619,54.61642063,6.543935045,83.1154127,jowar
79.47411,41.652094,39.126472,26.65047524,58.84908459,6.769383545,78.4094603,jowar
82.758831,38.99405,40.526974,28.24714827,54.48430284,6.347165695,81.4782406,jowar
76.335232,38.336356,39.865643,27.39876161,56.50051454,6.790013,82.0417285,jowar
80.957618,40.99937,40.944005,28.06380243,56.63390132,6.594038546,78.6879216,jowar
83.476624,41.774582,38.473428,28.03186778,56.50332378,6.459183805,90.472188,jowar
89.45549,38.428028,37.237911,28.25520762,56.58743751,6.454981057,92.4116294,jowar
74.645577,41.385837,38.788278,29.44427744,59.38353378,6.350501965,82.1972586,jowar
83.438352,39.225739,39.909178,28.02132627,50.77671906,6.49730164,81.4823884,jowar
78.027509,42.887264,37.486986,28.68309236,54.38628155,6.445446767,89.0308967,jowar
81.360205,41.141226,41.936369,27.72170096,53.65307918,6.288395647,80.7904063,jowar
91.796378,42.489359,37.297851,26.88913532,56.06010534,6.606716635,87.7993076,jowar
78.980177,39.749091,40.655759,28.07215013,50.11753918,6.455189072,80.6578272,jowar
80.700846,45.970518,40.734963,27.73663506,57.0279633,6.594124138,87.1424819,jowar
82.427402,44.113087,37.738223,28.39785094,52.96196151,6.608324966,80.3146988,jowar
78.330533,39.40982,41.951633,28.77150173,52.25942177,6.510712152,81.3811427,jowar
74.96598,39.565966,39.383034,30.03844185,55.95251162,6.231364587,82.1196526,jowar
84.085533,44.176886,36.828033,26.42086352,59.11612339,6.575974765,80.5717071,jowar
82.138516,34.728505,40.006751,28.27536979,57.03339431,6.302290289,85.4370045,jowar
76.298301,40.510768,38.209307,27.6571953,52.80920613,6.626971567,89.3781007,jowar
79.061518,40.076476,37.102817,27.74827162,54.88954984,7.011054653,79.3289682,jowar
85.856709,41.993718,40.561273,29.47724121,55.81863204,6.575886043,84.7290847,jowar
84.894276,42.192938,38.748645,26.89183236,54.5534426,6.34399248,84.6760247,jowar
84.949753,39.085397,39.914353,28.0487391,56.86654794,6.06185658,81.9058285,jowar
80.845135,42.400158,39.016195,26.42369573,56.36336518,6.376104334,78.9327,jowar
77.502618,39.630949,38.790511,26.14732451,56.97354563,6.748600633,88.3227622,jowar
75.449257,39.597017,39.986957,28.50298729,56.47034908,6.356836109,85.4181773,jowar
81.829122,42.911645,41.409013,28.66280762,55.18441858,6.775039533,87.0897903,jowar
76.555648,42.80674,41.395807,27.62784302,53.94511547,6.557832231,87.3622425,jowar
80.789169,40.622617,43.399915,28.90009625,55.4193983,6.683555563,79.7341281,jowar
81.591708,43.618613,39.563908,27.2879875,53.56540445,6.287521558,80.9977143,jowar
78.517968,37.188866,40.031237,28.75791283,53.0029364,6.796260365,87.6050397,jowar
84.122322,38.684331,41.70905,27.08277552,56.9585445,6.533508671,87.8215812,jowar
75.297622,38.20986,41.194456,27.20338768,56.01905384,6.233408128,89.3256885,jowar
75.069907,41.1046,41.251262,27.41471167,56.28045845,6.550786241,82.2519065,jowar
75.965781,36.074749,40.6993,26.68556567,55.20975724,6.448627598,88.4636282,jowar
78.791818,39.341104,41.463741,28.28144874,55.69554311,6.59150718,77.1685822,jowar
83.027155,41.224938,37.966634,27.7949724,54.91352397,6.473773127,86.7026858,jowar
85.725467,42.163533,37.375562,28.52253879,57.9236533,6.575427662,90.5640002,jowar
88.049082,42.047419,40.498617,28.87787432,55.31875323,6.504661093,83.2077874,jowar
86.253653,38.363143,43.064735,28.41988586,51.92152642,6.571691612,74.2898648,jowar
82.502032,41.770463,38.815288,28.10378006,59.29914635,6.401379393,79.5995713,jowar
85.926654,43.925174,40.007391,28.84962895,57.95124701,6.355215575,82.5249402,jowar
84.923498,43.370029,41.125762,27.26095594,59.37153445,6.396460675,83.2907973,jowar
81.369351,43.108321,41.707952,28.34848702,56.01923477,6.50848536,87.8465115,jowar
69.88176,39.406785,40.482644,27.03314817,55.8499113,6.460128112,93.9529261,jowar
86.292079,39.068389,39.698325,27.93788404,54.00634915,6.538029872,81.1327614,jowar
75.477539,41.245422,41.259059,27.32437476,56.96978195,6.376842343,86.2911427,jowar
83.281376,39.932775,40.909482,27.5661991,54.56777352,6.459857411,81.1924504,jowar
79.292903,36.902763,39.017693,27.76070459,54.43640454,6.452907998,84.6850026,jowar
81.917766,41.749034,38.70047,26.98931128,52.70750229,6.40499543,83.2052013,jowar
76.920016,37.407767,39.087758,28.15239836,56.30906482,6.391302505,82.8937111,jowar
76.293207,39.937122,38.303143,28.48142736,51.07109372,6.429872214,86.5356474,jowar
80.735338,45.386067,40.6996,29.09635086,44.82816436,6.437645748,39.8065606,bajra
76.667776,41.830781,38.900919,29.89491068,43.85599589,7.154725676,39.2290174,bajra
87.330228,41.628304,40.964133,30.33185983,45.70883514,6.406754794,39.3306799,bajra
83.380632,39.902206,37.18962,29.95283599,48.06738993,7.05436591,39.8511904,bajra
83.805797,39.266986,36.592257,29.16798061,47.81319978,6.744105411,39.4158784,bajra
78.800647,43.808273,43.251918,31.99690221,44.71371862,6.860307396,36.3600579,bajra
85.907738,37.664441,40.433551,29.01242773,43.94003971,6.629198464,38.5410994,bajra
77.843509,38.903462,41.666668,29.00562349,45.39697457,7.048463667,38.7683287,bajra
77.128324,39.538951,42.35945,30.17469687,44.04381427,6.898710837,37.3544988,bajra
82.725438,40.817215,39.384383,29.24527278,43.40397434,6.909102737,42.9495532,bajra
77.450769,40.916773,35.825946,29.47384404,44.94409392,6.614424583,37.7523847,bajra
77.328882,40.584385,39.625342,27.98559189,41.18273973,6.676199504,41.0984478,bajra
69.009981,39.00054,38.947504,31.249504,44.30696074,6.878129753,40.3390171,bajra
71.477734,41.536414,40.430793,30.45744178,52.06722787,6.37484096,44.139272,bajra
78.85021,40.574658,39.908976,29.6181873,43.97430073,6.867219782,36.3587831,bajra
83.002317,39.167611,37.739861,29.59498843,47.26286859,6.690791642,40.8602887,bajra
77.076175,41.515844,41.371015,31.66374795,44.6839849,6.93640558,40.2353621,bajra
85.183487,38.562335,41.490011,29.82477243,44.88446128,6.818717507,40.605377,bajra
79.535084,40.429426,43.156236,30.88690472,46.56447827,6.707069937,37.865822,bajra
83.821202,41.752094,42.945341,29.45641744,44.58681242,6.465545231,39.0580693,bajra
83.986282,39.067009,41.28096,29.8285472,45.58330265,6.565870956,40.2045027,bajra
68.035456,39.626208,36.739054,31.08539506,46.39933323,6.89520088,43.6504149,bajra
76.204334,43.494726,41.864383,29.78710024,47.04411626,6.574316123,38.021166,bajra
77.565641,38.942045,37.886885,31.10077476,44.53406208,6.871911014,38.6311567,bajra
72.717587,40.540115,36.17549,29.93822936,42.53703293,7.205404304,42.1872705,bajra
80.423015,42.527413,38.307368,30.48913144,45.35965878,6.853860097,43.0536484,bajra
82.929968,40.577447,36.690225,29.13595833,44.77912392,6.819047964,37.2875111,bajra
89.646707,43.032788,41.204237,30.06483318,44.61802385,6.605808634,40.1859532,bajra
81.03101,37.516479,40.668353,29.86026686,41.5659464,6.624481458,39.0073467,bajra
87.550751,41.113106,37.329037,30.43743266,42.21485282,7.020868975,38.8693008,bajra
79.625455,42.651593,37.425673,28.74259363,43.94952121,7.011829286,36.3535694,bajra
68.671378,39.097682,41.103482,31.08023557,44.16630955,6.716068972,42.7693618,bajra
72.521033,39.222958,40.380848,30.40429685,44.08234795,6.807025966,34.0280144,bajra
77.367006,40.907017,38.035412,30.0530858,45.8043705,6.730119963,40.4091131,bajra
76.14907,39.586777,41.220432,30.14127566,43.94424371,6.845740146,41.7150635,bajra
71.800235,42.318148,39.327491,30.38294094,47.15504446,6.520178566,38.2973416,bajra
78.845805,38.432493,43.469873,29.22890512,44.0000158,6.841695362,37.1148411,bajra
78.417277,40.634907,39.334279,29.91595183,44.0472022,6.491048057,40.7718237,bajra
87.019732,40.036803,40.450528,30.62345048,42.71520511,7.14731299,40.4855891,bajra
86.527428,38.533934,43.636124,30.69763994,45.99547215,6.847740989,39.4035313,bajra
84.802127,40.28072,36.065861,28.99453218,44.66547765,6.863239793,39.8641876,bajra
84.875883,36.097796,40.287176,28.3638187,46.36748213,6.780730422,41.0070639,bajra
76.544468,42.55893,42.083449,30.52518987,44.76686896,6.918290886,38.3034578,bajra
83.422223,43.298962,42.141221,29.34335778,45.65055117,6.536199125,41.3737367,bajra
81.802414,36.260367,37.676432,29.74517499,44.45845246,6.553266705,40.933549,bajra
81.005894,39.611462,38.488417,30.94383641,47.9797328,6.701353457,38.5307994,bajra
81.964831,39.283941,39.721206,30.66568784,41.56315904,7.068933674,40.1744333,bajra
78.354027,39.821532,39.924859,28.44191883,47.69088881,6.808430429,41.0632051,bajra
83.806199,37.957675,40.946944,29.75912302,46.5241874,6.366045606,39.7621737,bajra
77.588717,40.864526,40.940088,29.36313669,43.71808704,6.777424265,37.8480587,bajra
83.367935,39.261586,34.186024,29.66266015,43.13062112,6.467219734,37.0301761,bajra
80.437634,42.657282,40.626369,29.45414695,45.82062755,6.706345577,38.3329591,bajra
75.382549,36.496342,39.220153,30.14224814,44.82607739,6.715142747,37.7302095,bajra
82.432985,37.365736,41.552056,29.09800468,43.64561657,6.500775821,38.7966348,bajra
83.90125,41.031256,41.956844,30.46992829,43.01339431,6.732518998,38.1275221,bajra
85.3223,37.606423,41.787395,30.80365848,48.29331636,6.716423935,41.7095732,bajra
89.126607,38.764717,36.92992,28.30799097,46.28288165,6.415837358,39.1064343,bajra
81.749253,40.370351,40.85089,30.20006087,47.30195846,6.605727458,38.3752117,bajra
76.909362,41.660384,41.800797,30.40610279,47.1302886,6.559679663,44.0013379,bajra
86.092954,41.471244,43.563598,28.50903911,44.05599335,6.649998094,41.7315504,bajra
75.799437,41.51499,42.741072,30.62568261,45.51075184,6.598473838,37.9675577,bajra
84.998476,41.558698,39.921961,29.62388141,41.35354583,6.581546107,44.5874058,bajra
74.878178,40.37896,42.014888,28.8705696,45.33247885,6.99133477,40.0299984,bajra
91.473612,36.662801,42.117457,29.84447844,46.38945628,6.890026659,38.2404251,bajra
80.915986,36.284197,41.206495,30.26834262,46.1495883,7.015856138,40.8822876,bajra
80.592358,38.237863,38.575558,31.06806116,47.58540373,6.751425471,40.1104066,bajra
76.381543,42.345514,41.330834,31.74709569,43.41901846,6.722886389,40.5554702,bajra
82.585958,39.568665,38.254078,30.79326678,46.29804365,6.613080083,43.2530627,bajra
84.680795,40.268593,40.159196,30.49865199,43.44893447,6.806126422,34.8342795,bajra
83.505823,36.877014,43.00684,29.70289192,44.61899943,6.671942283,39.3087067,bajra
85.674125,35.024383,42.553931,30.30422113,42.82736103,6.580636272,44.0233433,bajra
76.217972,37.693299,42.274629,30.30469759,43.31173396,6.844191495,37.5381936,bajra
84.403286,42.122742,41.064012,30.32549496,48.17013862,6.799936011,37.1635021,bajra
81.797896,44.172094,37.970481,29.67468351,45.74960287,6.789003411,37.6424714,bajra
84.487431,44.640081,40.392263,29.18633854,42.21187105,6.8526271,42.6493056,bajra
81.900671,39.995192,38.821457,29.01705273,46.50255239,6.986409411,36.2902485,bajra
86.359356,41.148142,42.799189,28.79208503,42.54151652,6.769610261,41.2066826,bajra
87.185443,41.412158,39.514637,29.07626771,47.21400103,6.603200093,43.9083245,bajra
78.862461,43.181164,41.357863,29.87670406,44.06508653,6.730454793,41.0279601,bajra
80.308626,38.812377,39.668737,30.07071933,41.16827863,6.893466295,37.6486691,bajra
75.38667,36.625311,36.412215,28.78009725,43.72376228,7.198464864,38.7378888,bajra
80.711,40.800963,40.26213,29.93030089,42.84847123,7.09598922,44.3372719,bajra
73.269365,37.951943,39.440379,29.13191598,45.910738,6.651432471,45.1961346,bajra
84.762194,40.425148,42.053973,30.99531038,43.98489452,6.633491682,40.1875434,bajra
83.446544,40.278121,36.846007,29.277458,44.86684885,6.784564217,44.7341012,bajra
74.456048,41.011178,42.978226,32.04430477,44.27208464,6.900251608,41.3674249,bajra
80.781927,39.80231,40.871951,27.72097852,46.22772508,6.825740292,39.4660602,bajra
88.187449,38.650132,39.193848,31.79239797,43.50228965,6.687776482,39.647139,bajra
83.362938,40.415605,37.414749,29.52104829,43.90676202,6.784246907,41.0220248,bajra
81.672823,36.447976,42.127882,30.22731196,47.49215769,6.890616459,42.6431751,bajra
81.866181,42.692452,41.044501,29.91187628,49.0903825,6.981363573,41.3769866,bajra
74.894782,37.423385,40.585431,30.13096908,43.89457938,6.828760471,43.8127046,bajra
82.78161,37.717983,39.776982,29.27553017,44.30214015,6.715622404,38.8536506,bajra
74.979459,39.744691,38.878785,27.36349618,48.69534964,7.022109009,39.0968783,bajra
80.075276,37.656691,43.391446,31.70755983,45.28204871,7.008800251,40.4206883,bajra
74.653098,39.176353,40.263856,29.59090705,44.6064241,6.78135449,39.8058916,bajra
80.209034,37.87879,38.565968,28.84387416,46.76006799,6.370448024,42.7686168,bajra
85.545398,39.395639,34.793726,29.67482049,44.88446851,6.593837963,38.7634759,bajra
86.120781,41.329854,38.150872,28.56216075,44.41136883,6.756454817,41.190878,bajra
77.858733,41.022999,43.870308,30.73395092,44.91344069,6.762637304,39.1439845,bajra
26.475801,48.431716,30.067834,27.0414703,50.95628888,5.944721408,56.0658159,groundnut
24.923745,51.250601,29.1996,27.98886525,50.17631054,6.518439493,49.2327995,groundnut
25.543463,51.188577,28.806664,27.34375909,54.66139883,5.787671696,56.6590579,groundnut
21.883411,47.585838,32.44375,26.52875655,49.55832967,6.163183582,61.8240909,groundnut
22.710397,47.371725,32.246148,28.5047389,51.78486305,5.969536197,61.9162836,groundnut
26.993053,51.697367,28.781396,26.96028623,51.66645103,6.261538343,59.7883047,groundnut
26.099271,47.30656,32.064745,27.25363703,53.42909686,6.4727766,51.3317852,groundnut
24.955218,48.671364,27.648211,27.28083508,57.22403763,5.85774554,54.893474,groundnut
25.800679,50.307696,29.830308,25.94763475,52.48419643,6.0592419,47.7732584,groundnut
26.49324,52.395965,30.077491,27.1855505,54.23458147,6.241727176,57.9832579,groundnut
24.628147,53.279959,30.481179,27.15718207,49.35827294,6.253373789,52.2545488,groundnut
24.202147,47.961561,28.400648,28.72106484,54.76918525,6.557188355,50.9644464,groundnut
25.089067,46.766231,28.956458,26.25631714,54.57833473,6.12630128,58.5256518,groundnut
25.755151,55.759097,27.780834,28.01997892,54.38459701,6.018951536,58.32354,groundnut
25.420181,49.431309,28.764097,26.41752134,56.26360916,6.200127004,57.581029,groundnut
24.011376,48.050368,31.622977,25.90684327,51.13635536,6.206329098,55.3675296,groundnut
24.776133,50.989549,31.039284,27.59505641,49.94952808,6.147147152,58.9427174,groundnut
26.118309,46.567851,30.52722,25.39763755,52.0976246,6.552984665,51.871954,groundnut
23.957096,51.910074,27.685798,26.48746843,53.24059757,6.082022832,54.221299,groundnut
25.930232,51.053865,30.400228,26.72531095,52.76972712,6.176985722,56.5107585,groundnut
24.378835,49.543578,28.515063,26.97164384,50.3131182,5.99278736,55.8535818,groundnut
25.265925,51.957184,29.353312,27.33052281,53.14565895,6.282727928,52.2753428,groundnut
25.186704,50.910351,30.010768,25.3099531,52.33381842,6.611530773,53.8118704,groundnut
24.089904,50.933371,30.468567,27.96611548,49.38363424,6.336036727,56.9483928,groundnut
24.822317,50.846718,31.544186,27.70657546,49.62251983,6.352549423,54.7865276,groundnut
25.091093,50.182992,29.774636,27.96528307,51.82586664,5.99176442,53.7013515,groundnut
25.223368,53.073037,30.904642,26.31106642,57.16919503,6.249248208,59.2087894,groundnut
24.810357,51.333398,31.259203,27.98673772,54.19932608,6.362228642,53.9602138,groundnut
24.285317,50.831519,31.399692,26.81959623,54.21555769,6.470186715,51.976141,groundnut
23.953849,49.649062,30.461419,26.57510072,54.81258157,6.278876436,55.1301753,groundnut
23.205113,46.71046,30.421514,25.27259754,54.10628581,6.170583385,65.7022068,groundnut
27.884895,49.546377,29.840494,27.80642103,55.54259903,5.895326595,49.104961,groundnut
24.222456,51.456844,30.74531,27.86651488,49.50462914,5.769197241,57.8314468,groundnut
23.964755,44.95378,30.217596,27.64247231,51.74612117,6.1148402,54.4741046,groundnut
24.536772,46.629882,28.927979,27.42223672,52.66909137,6.231259124,51.71601,groundnut
24.773121,44.557337,30.267715,28.15737474,48.93380517,6.091017453,56.0860524,groundnut
26.566053,48.879438,28.961625,25.40517225,52.21515131,6.579826143,55.9152829,groundnut
24.972151,50.805206,29.983362,26.34145836,53.71242222,6.241991643,55.0581237,groundnut
23.780792,53.25877,30.997054,26.55213412,54.0837957,6.107451824,52.4193885,groundnut
24.050371,45.572329,30.707314,25.51677265,49.44483683,5.81394063,54.71597,groundnut
24.812099,49.183259,28.436133,26.05049066,52.96588932,6.097597341,56.0439825,groundnut
23.893439,50.452657,31.954917,27.4747943,51.14217926,6.247839008,54.2058049,groundnut
25.00985,49.185972,29.753497,27.17179562,49.9338139,6.011046538,50.4178096,groundnut
22.999661,46.956793,30.239194,26.27684211,53.06831809,6.206456757,48.5039361,groundnut
25.818719,52.026997,28.509206,27.34035515,50.21848367,6.21816669,50.8271553,groundnut
22.758617,49.042957,29.814407,26.67787945,49.53721644,6.125618774,55.8886727,groundnut
24.943884,50.456253,28.994827,27.94909151,49.55355946,6.290686215,58.9002406,groundnut
25.601135,49.493689,29.207554,27.839231,49.04021216,6.019556888,53.6880594,groundnut
26.547067,50.949419,28.547931,26.74865076,50.72220786,6.067979247,58.2303355,groundnut
23.285321,54.021952,31.242345,27.88359795,51.03708581,6.172111026,50.270599,groundnut
24.344172,51.234137,31.944095,26.10320298,51.23974765,6.171858345,50.3938956,groundnut
25.739187,48.190024,29.706914,26.63392101,50.35817591,6.198689633,54.2884884,groundnut
24.535178,48.178846,30.479287,28.33942999,52.29096544,6.385277988,50.4122676,groundnut
25.197202,47.256579,27.784613,26.40110916,54.47915062,6.376702944,55.8019156,groundnut
23.084124,49.509298,30.45255,27.14218435,48.16490935,6.03440088,54.7885434,groundnut
25.670364,44.50968,29.756814,27.1158695,53.76719294,6.328871511,56.9224854,groundnut
24.000074,45.229995,29.410421,27.81132178,54.89838542,6.332162133,56.4168247,groundnut
25.47455,48.609703,29.80491,28.35194632,50.03947935,6.500348855,53.9373071,groundnut
26.65679,46.482962,30.878856,26.40321619,49.05624424,6.240647332,58.3312569,groundnut
23.943823,46.25246,29.862233,26.92917738,53.14050483,6.37662459,54.8039299,groundnut
27.319379,50.560587,29.48036,25.69463044,51.4536682,6.137432028,58.1690058,groundnut
25.578105,47.051577,30.258382,27.54394025,55.17830523,6.365075738,57.510794,groundnut
25.075107,50.97078,31.874257,25.92045031,51.2731662,6.056302213,56.2512053,groundnut
26.537778,48.507564,26.414543,26.6661012,53.90002536,6.299999162,56.4130146,groundnut
24.650008,46.802423,30.772941,26.32423173,56.54292121,6.306114341,53.0838606,groundnut
24.235768,49.767639,29.640747,27.90463536,52.38774563,6.063916497,61.2384543,groundnut
25.061635,51.922099,29.08766,27.29412366,52.64710878,5.848525232,61.6504079,groundnut
26.613306,49.007012,28.346595,27.28152491,52.18033121,6.266154424,55.6322054,groundnut
25.632801,53.618264,30.852155,26.14977905,54.83413073,6.505154309,65.4017872,groundnut
23.595632,50.607205,26.876852,27.44805082,50.85974338,6.557760918,52.4437706,groundnut
22.888521,48.821841,27.036768,27.60839056,47.70462726,6.20529311,48.143221,groundnut
24.599628,54.108445,30.540972,26.30057018,51.93509674,6.203351138,56.5596801,groundnut
23.291427,51.481418,25.943413,26.48979351,50.98439041,6.31779879,55.0746818,groundnut
23.243046,47.537517,30.29802,26.93595545,50.79542185,6.110564915,57.2973544,groundnut
24.352884,49.779772,33.254905,25.84681706,48.14816712,6.345747678,52.7604779,groundnut
24.602203,48.047109,29.6103,28.29481587,53.66842719,6.360373573,50.3264507,groundnut
23.561058,42.902303,28.785929,27.77492958,53.07524875,6.158798533,54.9264091,groundnut
24.138893,50.511897,31.148817,25.6911317,52.62326719,6.373432886,53.630169,groundnut
25.875876,57.036636,29.843486,27.31857871,50.46484127,6.233712716,56.5188964,groundnut
25.243553,47.450762,30.309543,28.18437871,52.93316239,6.378929617,54.2178605,groundnut
25.937375,50.69817,28.573634,27.25800201,49.93727094,6.082284269,55.6247834,groundnut
25.371555,47.026919,31.580979,27.46332509,50.53416485,5.914009228,54.5218149,groundnut
24.44257,50.282851,29.455325,25.37395994,51.19223837,6.143154845,57.0910814,groundnut
24.12725,54.196687,27.132539,28.06204567,51.53341654,6.359882786,55.2633449,groundnut
26.424444,49.031595,28.352069,28.15060847,51.76396026,6.241209876,59.0746813,groundnut
23.710056,51.488727,29.115158,26.89294282,52.15034025,5.920958734,52.4298378,groundnut
26.688841,52.215478,29.906041,27.19693,51.38797559,6.45232451,54.3388365,groundnut
25.289803,52.865075,28.833943,28.26261924,48.81664027,6.503113436,53.7701706,groundnut
24.696627,45.274975,29.317808,26.15775671,50.7360956,6.17446016,58.1607123,groundnut
25.259504,50.769192,28.356721,26.28658919,55.74134804,6.063252608,60.4654872,groundnut
24.696174,50.00572,31.605548,28.03023286,51.76950987,6.127786792,54.8154625,groundnut
25.422447,52.228259,30.006345,27.5012979,55.40778824,6.270923588,56.0284544,groundnut
23.101361,43.423175,30.582564,26.92319237,50.92925204,6.245296618,54.8006677,groundnut
26.409725,50.215277,28.879615,27.80203465,51.54836736,6.297935823,53.4245447,groundnut
24.187716,50.210421,30.019243,27.3886599,51.44121683,5.85843708,53.5718462,groundnut
25.992273,49.25656,29.630425,27.79896497,50.51909569,5.913038601,54.4699173,groundnut
24.394783,47.584384,29.736932,27.39811957,51.98067979,6.25709848,60.9842454,groundnut
24.571401,50.695872,29.23618,26.31444863,50.78339208,6.110950906,56.1862701,groundnut
27.936345,48.209891,29.375062,26.94887036,52.82326161,6.249020451,59.2375161,groundnut
21.96701,44.032675,29.256183,27.88881315,48.74345209,5.640580385,56.884892,groundnut
80.974629,43.492521,47.536151,21.35996915,65.28739183,6.377868521,77.2232876,mustard
68.581493,44.029241,47.184865,21.83081515,63.60107583,6.655579537,66.6329845,mustard
80.181966,47.284174,54.641619,21.68203446,65.84359237,6.148246755,64.2361971,mustard
83.379098,45.987211,52.946282,21.09355409,66.35174556,6.864419479,76.8886752,mustard
81.106326,46.019679,46.072796,22.89467814,63.41177014,6.598374235,67.9663456,mustard
75.282161,49.300701,49.131744,22.95916181,64.79660029,6.140829934,79.0143042,mustard
77.640431,47.606984,50.063027,20.98154197,65.42716639,6.928263513,77.2184391,mustard
79.769929,48.47329,50.526671,22.13829259,62.16177455,6.545600365,79.6594954,mustard
76.655751,49.27634,49.770735,21.41407212,67.5938434,6.444075124,78.417817,mustard
78.832965,45.8624,51.233901,22.19199206,59.81161737,6.281357471,79.1823449,mustard
79.471454,44.795418,46.603565,21.28737403,59.74332354,6.48025026,72.3070309,mustard
76.133648,45.843316,50.909927,23.38151064,61.06910311,6.726079303,79.378957,mustard
76.883629,46.467443,48.855917,22.12255446,68.92374063,6.618093215,77.2887377,mustard
78.278763,42.58667,49.478829,22.79636138,61.02936357,6.294257573,75.5682048,mustard
76.061381,44.177196,48.941004,21.09869251,62.4672832,6.637168444,69.116836,mustard
73.608511,44.550943,51.829889,21.87003161,63.7920892,6.508649966,67.1443166,mustard
81.978823,46.881901,48.976729,22.66391018,62.06851014,6.719942254,75.6952215,mustard
78.65379,45.954291,49.731838,22.80538671,62.20063427,6.351308748,79.663363,mustard
77.61786,48.071226,54.24859,21.73481528,66.77154205,6.275030005,78.3962998,mustard
80.797696,47.087988,48.38607,20.90368495,66.30845537,6.097636385,73.5719228,mustard
83.764727,46.441365,54.870857,22.67657204,63.29986419,6.505326109,74.7868318,mustard
73.671293,43.837082,48.598098,20.65609447,65.12348302,6.45143099,67.4719774,mustard
81.616851,47.646507,50.567586,21.786115,66.53774959,6.63264297,76.3833161,mustard
76.701551,46.636182,52.988702,21.60622482,70.45464228,6.397501968,75.1458316,mustard
77.310058,46.513523,45.644446,21.63961241,62.16048488,6.526390978,79.4750132,mustard
82.584025,40.545183,55.105174,22.19488476,62.98110223,6.530639944,75.7928542,mustard
77.332605,46.455208,48.481319,21.73312108,63.21567425,6.220629099,75.6562641,mustard
82.341198,47.184232,52.049813,22.21406454,63.6149137,6.663734454,68.8911711,mustard
76.397314,43.78234,52.70014,22.62224042,66.26699362,6.709026324,71.0432275,mustard
81.39438,45.712099,52.117205,21.92395201,63.99914849,6.605477161,78.9427613,mustard
77.326619,45.859526,47.353898,20.35127973,65.52119504,6.618736544,76.1793006,mustard
72.201753,45.193046,44.454131,22.90400273,62.17625809,6.744803704,79.2564134,mustard
76.397639,43.394595,50.875926,21.44274614,65.26646007,6.40584862,66.9847871,mustard
71.078128,46.521374,48.596106,21.63496072,66.80924598,6.728821244,73.7735488,mustard
78.637605,47.150329,46.607661,22.14728102,66.43490353,6.632644891,66.2846128,mustard
76.954579,43.979995,50.249717,22.31729142,68.89144706,6.403481731,72.7609238,mustard
84.598688,46.682127,53.169129,22.19056048,61.99149679,6.240039971,68.0181949,mustard
82.648207,48.733773,54.623405,22.55644952,68.0233803,6.386896815,69.7961288,mustard
83.400317,46.960666,50.268611,22.25566518,65.84028225,6.750344288,80.8274351,mustard
82.176881,47.945347,51.285156,21.69562798,66.96706815,6.228073462,79.742512,mustard
75.221908,46.657348,47.887115,22.36523673,64.91179441,6.189022588,76.8931483,mustard
77.688317,48.026637,50.003314,22.26097785,62.51032072,6.385080215,72.9361261,mustard
83.42681,49.857967,47.987071,22.71071978,59.35883871,6.267133067,70.6854969,mustard
74.589965,42.357747,51.032497,21.85871532,65.98645403,6.634642174,76.1952765,mustard
82.631053,45.840076,47.032517,22.69815736,63.46830845,6.317558722,74.1993696,mustard
76.348756,45.03991,50.860135,22.22990555,62.66564183,6.404897452,79.8344985,mustard
81.9856,50.77265,52.95032,22.75523343,61.39154177,6.648952769,74.7610194,mustard
77.796073,46.386435,52.363029,22.33054885,62.71596812,6.644779488,72.1308561,mustard
80.866732,45.302295,49.452834,22.50572036,62.29549633,6.879313039,66.8051127,mustard
77.609329,46.851487,51.460785,21.93368602,64.85078417,6.580057267,73.9601874,mustard
85.572725,47.930503,52.182061,21.36233656,64.7935901,6.44140914,70.4747938,mustard
81.440657,44.763415,51.63851,21.29367357,69.46950559,6.325215132,75.9868605,mustard
83.167437,44.687527,52.131172,21.18873883,68.77550602,6.502759107,72.3161487,mustard
78.803273,47.860514,48.538862,21.50542392,64.42400485,6.270492388,83.1924476,mustard
77.734422,47.912719,50.523675,21.35020753,64.98451776,6.652880542,74.152824,mustard
84.772452,48.349485,52.297287,21.69662653,62.19240964,6.380350417,75.8830842,mustard
82.183147,41.005386,49.979717,22.10433889,64.27838493,6.751798399,76.8980103,mustard
85.240768,45.503291,52.343694,23.07914382,68.41040297,6.287032389,73.8584577,mustard
78.619341,47.125285,51.715884,21.44633084,65.17638014,6.10611417,81.4887525,mustard
77.950503,46.128487,49.225876,22.7563782,57.62248325,6.496760983,74.5238156,mustard
78.185454,49.970321,47.781676,22.50938548,65.92625725,6.745996254,71.9976491,mustard
77.068124,48.520961,51.063303,20.98034135,63.59780696,6.575344618,78.769939,mustard
77.283077,39.297211,51.308058,21.19458834,59.75491912,5.947696445,78.6629139,mustard
80.51447,45.48099,53.472561,22.42063429,69.20238011,6.228416583,74.8445222,mustard
73.533147,45.472421,49.37846,22.413565,65.11846609,6.621564392,78.1654806,mustard
88.619715,45.274818,47.647443,22.16241519,62.91407193,6.78898235,73.7255188,mustard
77.737695,44.915974,51.796044,21.89588699,63.33166627,6.824743624,71.1472357,mustard
80.142264,47.500304,45.921662,22.31697193,62.25672004,6.660442642,70.6680704,mustard
82.771076,48.543416,52.153591,22.16586899,64.39861755,6.387598183,81.6196561,mustard
77.202019,43.614748,51.663422,21.47454971,62.52983491,6.218497169,72.8269057,mustard
79.66914,46.559111,52.378266,22.34775263,64.50373223,6.461351843,77.2957086,mustard
85.090281,46.290523,48.827173,21.34470844,61.24246631,6.629922586,77.6009034,mustard
82.309454,45.704083,53.517337,21.68048179,67.48370002,6.492445135,72.2624216,mustard
82.370121,46.942163,50.892432,22.05364376,64.90147799,6.965732539,80.3291549,mustard
82.891308,46.257138,52.517893,22.34187655,65.06813236,6.440804957,74.635872,mustard
67.318297,46.484382,48.77881,23.0511622,65.05029458,6.268152133,74.7755393,mustard
75.815516,47.088837,50.727368,22.63217416,62.94370734,6.506631579,68.8574019,mustard
82.805979,47.193404,51.239513,22.00106856,66.07840952,6.812846126,73.7170758,mustard
80.554581,43.50191,47.829348,22.06455677,67.87022722,6.450025239,73.9383756,mustard
78.372459,44.77006,50.737429,21.01180995,68.3304429,6.370242652,78.2485657,mustard
74.920006,47.538332,51.679862,22.25357337,62.41448584,6.548661897,69.6762472,mustard
78.988947,48.36765,51.991755,22.01002074,62.4655029,6.625889604,75.0872156,mustard
70.718738,47.800049,49.939418,22.79361782,62.15229665,5.880542756,76.2558774,mustard
81.166255,42.111455,47.553751,23.81844371,64.2054124,6.642537,72.0720308,mustard
71.638788,45.608406,49.335989,21.73608036,64.70193383,6.551532313,74.3244737,mustard
74.943975,47.118225,45.126571,20.64676408,66.92186929,6.598868953,74.7417209,mustard
74.418206,44.371805,49.343133,20.94670998,63.07852549,6.627204416,81.4228741,mustard
78.322261,47.739923,45.21485,22.43523782,62.90973412,6.559932395,73.8851141,mustard
85.281656,43.988798,51.569016,21.81552507,64.58840576,6.464148491,71.194471,mustard
79.943604,45.855909,50.603101,22.0557734,67.07478583,6.68008418,70.2721951,mustard
83.47509,43.271426,51.46964,22.4090276,60.03057608,6.518130953,72.8917675,mustard
76.964939,49.10696,48.365802,21.46779123,65.19680684,6.633690001,74.3625814,mustard
84.665482,47.221244,44.554472,21.6505518,63.53921054,6.593475386,63.1883232,mustard
90.196039,47.22136,50.372192,22.77983469,71.09350054,6.669795596,79.2696589,mustard
80.52276,45.674491,48.810511,21.45476609,63.21376334,6.236641587,74.6585785,mustard
73.26133,46.439108,49.909173,22.0969773,63.64245792,7.099987772,81.1205216,mustard
75.02183,46.535597,48.479985,21.33044338,61.51581262,6.584282255,71.9337889,mustard
83.871304,48.285699,53.434786,21.43742473,66.23595059,6.623328572,72.8661982,mustard
76.912912,49.701898,50.56874,22.41973872,62.86260237,6.262239529,72.437476,mustard
79.503914,43.552294,49.975388,20.88558658,62.0878767,6.630827693,77.7170573,mustard
19.608123,56.946707,18.972596,25.70885077,69.7530903,6.68100791,63.0635262,soybean
18.846508,60.803531,19.176465,25.59576294,71.60475097,6.661287509,65.6160998,soybean
18.728081,60.63419,21.062657,25.70700574,71.67503032,6.752085331,71.488558,soybean
20.305243,61.762175,21.414187,26.34896727,66.63664323,6.412534147,65.9303643,soybean
18.709439,59.570223,21.096547,24.290822,72.17379132,6.718862973,63.206918,soybean
20.543391,60.009443,21.22999,26.76649285,64.19180763,6.614516171,64.1980514,soybean
20.082833,57.815484,21.748137,26.81124822,65.98782243,6.239750932,63.4958767,soybean
20.434503,60.720618,21.253133,26.61613738,70.63722775,6.563736803,59.581735,soybean
19.804301,63.180269,19.948477,26.39241049,67.13300458,6.29918669,64.5189582,soybean
20.309047,58.032937,19.764289,25.26721867,71.04434618,6.442581127,70.6657466,soybean
21.528748,59.756862,18.991551,24.37299966,63.99605916,6.232102209,70.3760315,soybean
20.115825,61.168814,17.779579,25.06558619,70.41285699,6.555920952,64.4258994,soybean
20.564842,64.907393,19.778958,26.05410845,68.52386362,6.966461379,56.8125106,soybean
20.683223,59.655593,20.566772,25.48724941,67.86681512,6.638725063,77.1403498,soybean
20.808036,57.455803,19.57624,25.646337,63.11585057,6.435632413,67.8580334,soybean
18.725768,63.145448,20.487775,25.42729801,67.61503939,6.811672752,67.8608365,soybean
20.008784,59.28695,20.076609,25.60082442,62.27508134,6.898224693,65.6057675,soybean
20.398147,59.826277,19.264883,25.8549789,63.64964625,6.944031867,60.1854032,soybean
18.968034,58.679222,21.288076,26.01131702,64.63771063,6.74459598,67.8509024,soybean
20.538435,62.147203,22.394362,27.70437402,66.13213427,6.816657574,66.4943559,soybean
20.499096,54.923188,19.829614,25.3659976,70.25231998,6.708860698,56.9095032,soybean
19.977965,63.365585,19.813321,26.56866964,68.95517007,6.566623745,63.9418716,soybean
18.783419,56.63541,20.709353,26.01517744,67.62324669,6.417341442,63.8097635,soybean
21.046912,58.994268,18.658935,26.58004838,67.44273547,6.506122194,71.2695554,soybean
19.979439,60.867551,18.821077,25.82865783,69.65791084,6.196702122,65.7832959,soybean
20.100791,60.123862,21.037159,26.26086204,72.02035556,6.306250044,65.5301058,soybean
20.084467,56.792237,20.956295,27.81324518,67.95374348,6.598479112,65.3296221,soybean
19.286415,54.537719,19.294227,24.91427246,72.63515765,6.47755361,63.6509146,soybean
20.889154,56.634747,19.233136,26.05309637,70.79825166,6.597828584,65.9684681,soybean
20.078118,61.200708,20.201653,25.19662163,68.12533548,6.290630712,65.3162219,soybean
19.519352,67.618145,19.960106,24.90469314,67.63502983,6.601274955,71.5261194,soybean
19.410548,55.252716,20.816837,24.92313301,66.8136572,6.449764005,64.7284295,soybean
20.689164,57.949097,19.726271,25.98886912,68.40690644,6.519076299,66.7004225,soybean
20.84384,61.177902,20.453586,24.76586593,68.13661934,6.593503972,67.8428707,soybean
19.307649,58.022882,19.425899,26.41840284,70.81215647,6.420545279,68.541053,soybean
20.12348,59.627143,19.788616,26.58235686,68.88557166,6.943785958,61.6763239,soybean
20.518102,58.412397,19.130713,25.99152363,68.37359874,7.069043843,64.2818313,soybean
18.869821,60.819032,17.92536,25.92827371,68.04358877,6.654947075,68.7971268,soybean
19.49643,59.548158,19.233879,25.12011121,68.8429138,6.251650818,63.3829551,soybean
19.004826,61.64905,21.80143,24.98476137,62.95978973,6.475647057,65.0612214,soybean
20.218659,58.661038,19.799361,26.28665812,70.82997203,6.11876549,63.5611362,soybean
20.213809,57.246072,21.73117,25.50438029,67.88768389,6.608424309,62.6939893,soybean
18.153427,58.714036,21.029441,25.7372218,65.6976987,6.680506081,63.7099779,soybean
19.489839,60.448368,20.77075,27.85773655,70.25008221,6.726168793,63.0267318,soybean
18.974132,60.186994,20.10717,25.15876006,67.52319888,6.577866932,66.4055342,soybean
20.504288,60.872894,19.492991,25.59915751,64.7388522,6.848031133,65.0524564,soybean
19.775147,57.213624,22.935658,25.16280413,66.83353364,6.581088183,67.3408306,soybean
20.957932,65.422826,20.506158,25.17629598,67.30110926,6.560027313,73.0660816,soybean
18.602195,63.60773,20.179914,26.65350782,67.72257437,6.335725637,67.9284038,soybean
20.654431,62.916171,19.986695,25.53213882,63.76009937,6.659777787,66.653169,soybean
19.034217,58.384279,19.533241,24.84327214,65.77590388,6.27890308,63.3913319,soybean
19.261303,55.118985,22.02259,26.97698177,65.88106717,6.553122172,66.6281139,soybean
21.191086,57.544185,21.092107,25.57263386,64.36645426,6.641206629,70.0339579,soybean
22.587909,56.400824,20.69892,25.68035503,70.13073569,6.213254538,60.0751979,soybean
19.224125,60.236892,19.358919,26.51406239,70.79315336,6.616917621,71.3132718,soybean
20.415827,56.34931,21.363377,25.52797814,70.47633832,6.806878172,66.7810832,soybean
18.503841,57.245364,21.322744,25.86808431,68.21644002,6.647970761,67.7156592,soybean
20.2788,59.373995,19.687332,26.66916108,69.50570912,6.4498265,69.220238,soybean
19.870966,57.445013,19.241029,25.23658215,67.25904475,6.740576234,61.8601288,soybean
20.188476,58.029932,19.739691,24.82216785,67.40013602,6.462227451,67.107123,soybean
20.223281,56.404824,21.084198,26.16403637,68.53963037,6.498209441,62.980746,soybean
20.217802,61.426765,18.253104,25.57976655,67.30654424,6.549953268,69.6539129,soybean
19.228259,58.506114,19.487466,25.37480848,67.05565273,6.650306433,60.8900416,soybean
20.427814,54.894293,19.438662,25.74299835,72.55561831,6.446413551,56.4151505,soybean
18.001111,60.102089,20.613771,26.29285557,68.45579069,6.726640622,62.8955942,soybean
20.894911,55.103955,19.095052,24.59050771,67.25242078,6.490979063,65.4449958,soybean
20.061883,57.21734,19.809759,24.8319916,71.70798281,6.440792916,63.0933441,soybean
21.58894,56.27326,18.874413,25.14494815,67.81538984,6.584168168,67.8847343,soybean
22.571995,53.251703,20.608736,25.56543815,66.4049508,6.379144435,61.4557983,soybean
21.684525,62.526892,20.023196,27.05379229,63.88592121,6.240512499,56.5059258,soybean
19.300585,60.485096,20.102859,26.11648669,64.16192542,6.656615175,65.9345473,soybean
20.733054,54.321713,20.311491,25.07354311,66.91928075,6.604201155,65.3552651,soybean
19.14846,60.018819,18.468465,26.89720857,67.44162747,6.718117239,62.9465264,soybean
19.476424,57.70744,20.876174,25.4466437,69.75329958,6.425421782,57.2937431,soybean
19.429686,56.462675,20.033903,25.07148197,70.51865227,6.482240207,64.3073756,soybean
20.655892,62.891721,19.979901,25.39846377,63.17480264,6.366220297,62.5928722,soybean
20.107057,58.964559,20.687933,25.52187305,67.84484803,6.730877551,66.3331183,soybean
19.939962,58.194167,19.366769,25.33652166,66.52846133,6.647354839,64.1346357,soybean
18.650227,65.304508,20.319965,24.90258415,66.79817092,6.521622845,71.6479092,soybean
18.891888,62.928122,21.399486,25.50964964,67.24516296,6.297919697,64.2065015,soybean
19.96341,61.97895,21.090183,25.41648507,62.64887583,6.495857268,66.1447964,soybean
20.249418,59.01998,20.124752,27.18204695,69.03831694,6.427193157,63.0492285,soybean
19.830148,64.91022,19.816699,25.98456041,66.68810709,6.714301755,72.6433653,soybean
20.450613,60.248319,20.036783,24.1402407,70.02681035,6.526162451,66.670534,soybean
19.288538,58.846629,19.588975,26.79686593,66.96977324,6.906118763,66.6803634,soybean
18.724317,59.614361,19.348325,24.28838167,72.35056096,6.637112796,67.0795085,soybean
20.165404,55.853947,19.516383,26.656589,65.14068152,6.006304983,64.1142866,soybean
19.858242,60.40669,20.728519,26.49733253,68.70385387,6.733128621,59.0760179,soybean
20.504582,61.879615,18.760438,24.82776093,65.97103742,6.370999419,67.9383359,soybean
19.385461,57.430954,19.388366,26.87253322,68.03547798,6.46504605,64.5709786,soybean
21.29206,57.752485,21.315508,26.16418711,67.56365928,6.987675597,60.883006,soybean
19.646314,56.302706,20.952462,27.31756737,72.54218997,6.738670007,64.2292802,soybean
19.634759,54.986491,22.035874,26.3658029,66.66187722,6.758971093,61.2062184,soybean
20.406622,59.482113,20.638677,25.95041264,64.05347614,6.514737393,69.0905702,soybean
19.970784,62.325345,18.954471,25.97951658,66.30133156,6.645661264,65.1228171,soybean
20.690074,63.263131,20.691619,26.21303238,65.28486266,6.499456708,62.9209474,soybean
19.655936,58.876398,19.020074,24.4732759,66.18265091,6.537708993,59.7421095,soybean
20.015682,65.700805,21.023057,27.28196238,69.06386783,6.727664415,62.1765376,soybean
19.35566,51.782579,21.186145,27.2014527,66.49535789,6.450479417,62.0599378,soybean
20.382654,63.374798,18.257228,26.31936205,67.24745278,6.522111906,66.7900766,soybean
59.435393,39.792826,59.358374,22.64040869,66.0887759,6.54301379,55.4245738,sunflower
58.864261,41.797338,60.11309,22.43529077,69.59293068,6.702528183,60.33537,sunflower
58.467032,34.892901,59.494845,21.78483175,66.01495211,6.469988481,58.8466138,sunflower
54.661803,38.120064,61.429953,23.13249904,64.746434,6.563923159,63.4289214,sunflower
57.567318,40.733628,57.77853,22.57078413,65.39364792,6.558198104,57.182645,sunflower
62.121097,44.169426,56.976265,21.77575905,65.60217943,6.653349211,57.9856334,sunflower
51.500909,42.718379,62.281518,20.84965463,63.42032114,6.805795574,65.2120671,sunflower
62.81592,39.647775,60.248962,21.91358897,67.93342344,6.329210731,57.0991212,sunflower
63.030824,39.911277,64.135402,21.55680194,64.85757626,6.320129468,60.0265057,sunflower
55.564359,39.024733,55.691238,22.45798933,66.86313228,6.162598768,64.8019887,sunflower
67.492245,40.092013,58.076657,23.86405819,61.5706819,6.503920761,60.6466402,sunflower
64.035443,40.719478,58.504098,21.37221832,64.11126327,6.303649165,60.1721712,sunflower
58.307411,37.011924,63.765437,21.67153613,61.70284431,6.467189469,60.2461376,sunflower
54.7606,40.663295,56.858527,23.12927901,66.36229733,6.422019502,57.317396,sunflower
59.685097,41.225581,59.923518,21.85667519,65.15176276,6.382247508,58.7644587,sunflower
53.742623,41.947452,60.896393,21.48951914,69.93671095,6.516968214,56.2698831,sunflower
62.570212,40.796096,61.18374,21.7190013,66.17128888,6.448957133,62.0013892,sunflower
54.285167,39.132253,65.166465,21.49373548,63.43002043,6.412647539,55.6266979,sunflower
53.375158,39.538827,60.407578,21.96534665,64.62331574,6.50839297,63.6822293,sunflower
59.428661,38.851835,59.156624,22.38236886,68.67126988,6.377511971,60.3561616,sunflower
61.015072,38.014844,60.061252,21.03265525,60.40046921,6.57151555,58.6180509,sunflower
60.606841,39.96421,57.0708,21.97013216,61.79393661,6.77123961,55.1185068,sunflower
59.412644,37.915457,61.711264,21.78125529,63.65146653,6.666374301,60.1059501,sunflower
61.549933,38.037348,55.785549,22.07075725,64.17099948,6.622154761,59.7123296,sunflower
60.615226,36.753235,65.665311,21.89160029,66.81372612,6.336962124,61.1088356,sunflower
56.091466,40.904136,58.932078,22.01926573,66.81473248,6.259654639,57.5358298,sunflower
61.371973,44.196443,59.585753,22.39014984,64.72187418,6.878737891,53.710002,sunflower
60.283863,36.748912,52.480285,22.19632496,65.36269427,6.444456797,59.6177013,sunflower
69.294898,39.48365,61.530373,21.57141922,65.7676047,6.453544433,58.5221335,sunflower
65.456696,42.35437,60.41024,20.47922012,64.06137602,7.027090375,59.169618,sunflower
63.309653,42.883885,60.656892,21.44439772,58.66818794,6.633411826,57.0668784,sunflower
60.528451,37.500359,59.204287,22.02225458,65.69834331,6.282609673,64.3088794,sunflower
58.209316,36.651061,59.67293,22.0226877,65.41753253,6.765615819,59.1487842,sunflower
59.641141,37.793631,62.461661,22.12164398,63.90792791,6.128588435,65.1998839,sunflower
56.31696,38.817444,61.075034,21.21027177,61.11687458,6.085830221,62.595589,sunflower
58.364441,45.85454,57.016935,21.39184232,63.52997828,6.547411258,58.307268,sunflower
61.836997,38.042823,55.855225,20.81317827,59.21870716,6.398976541,58.9164709,sunflower
58.105689,42.486812,63.684091,21.77903003,60.33580511,6.389492504,57.840643,sunflower
58.028595,38.604562,58.039611,21.74488253,63.34759314,6.540622889,61.2973274,sunflower
57.268065,42.542131,57.059813,20.93225159,65.99002299,6.340605414,61.1566493,sunflower
52.788994,42.784912,62.01688,21.00968548,61.15517948,6.826091851,57.3454323,sunflower
57.497445,35.467896,58.947665,21.84970505,66.86028205,6.227179707,54.5269675,sunflower
61.352888,42.01346,55.286543,22.7137993,65.09760879,6.712902041,59.7472067,sunflower
52.433166,39.696065,63.180431,21.41012763,63.99129108,6.465653967,49.56175,sunflower
65.014043,38.197249,61.517206,21.94277725,68.26980955,6.579180944,59.1542726,sunflower
57.319455,41.595701,54.379676,22.42628768,62.14248365,6.744195314,60.5806784,sunflower
61.932371,40.163978,54.742869,21.43191875,66.74821228,6.532497884,64.2515637,sunflower
61.209824,38.066596,57.611808,22.06792548,58.98348543,6.826321168,61.5902883,sunflower
63.681104,36.838792,63.733695,23.47278928,61.56571628,6.65042335,60.0039958,sunflower
55.366698,40.985768,62.50081,21.60325648,68.03138295,6.174981136,54.6188779,sunflower
60.409792,40.050771,57.85028,22.53433233,66.38032522,6.667337119,59.5567088,sunflower
61.807741,39.108699,66.161456,21.46371979,70.47377332,6.50680315,55.0481608,sunflower
64.104238,40.251803,62.553372,22.80774491,65.87868444,6.384513035,63.5125682,sunflower
60.002267,41.371716,53.538808,22.29500793,63.33967685,6.822395379,62.2431145,sunflower
60.719573,40.97262,57.004677,23.07134942,70.17756309,6.576618135,65.7254528,sunflower
58.292555,38.405773,60.122774,22.28706109,63.97563463,6.604864797,61.1030021,sunflower
57.00508,41.037586,62.590585,22.11316975,67.99688507,6.26260626,61.6846215,sunflower
56.489158,37.771837,58.107207,21.37824028,63.57521087,6.458240689,63.0137562,sunflower
59.036523,36.828749,63.420204,21.44752051,64.84732689,6.587074619,60.7185975,sunflower
63.282539,40.958006,57.416071,23.43785103,65.505267,6.471268656,63.4701315,sunflower
60.748353,40.798456,67.476552,21.81841986,64.17382168,6.52273281,63.8574574,sunflower
55.480398,36.068888,58.238654,20.92161085,63.8954385,6.597987441,56.7933041,sunflower
55.71952,40.138674,62.58763,20.88131753,67.13260424,6.65937471,63.4347064,sunflower
63.655441,44.404028,58.931724,22.07231724,63.91726007,6.500385485,65.5183441,sunflower
55.964957,38.277901,64.131543,22.67322409,64.05585772,6.66660839,61.228377,sunflower
64.500824,40.149019,63.076896,23.74372786,66.5550578,6.509618992,62.6008091,sunflower
58.904157,44.775935,60.540213,21.81986401,62.82720859,6.713957937,63.1218747,sunflower
58.507937,41.152903,55.474332,22.12208058,66.17716652,6.832929313,57.2250523,sunflower
56.164942,38.209144,55.990294,22.88219386,69.02646217,6.562442233,64.3966618,sunflower
60.401875,39.809777,59.000887,21.79514195,60.97571595,6.551529679,59.8547979,sunflower
62.236082,40.187047,59.511889,21.4250126,65.18759842,6.64395626,55.8839796,sunflower
60.262421,40.466086,57.845806,21.61201484,65.59958821,6.278982901,61.2597254,sunflower
57.313937,42.125707,67.013483,21.43190051,66.38894044,6.358285329,63.747435,sunflower
56.204225,40.961174,57.381033,21.86339017,62.31933428,6.660358342,56.9868707,sunflower
61.655893,39.311804,59.656583,22.0975189,63.01925585,6.541021587,65.5092044,sunflower
57.665716,42.34362,64.494293,21.46133771,61.21685803,6.558882376,58.0293329,sunflower
65.60581,40.069615,57.593402,21.24287472,67.83375289,6.388619125,60.1577837,sunflower
62.867408,39.031483,59.862214,21.98906485,66.77664373,6.615195145,59.2075906,sunflower
60.190947,39.256442,55.567163,22.17001657,69.91969858,6.327674768,57.217093,sunflower
57.387817,41.449184,61.345456,21.89536512,62.61315044,6.518013474,54.3673603,sunflower
60.43028,41.743049,56.246403,20.98853794,69.10653852,6.38070687,64.0894122,sunflower
59.538007,39.67609,61.315238,21.41656075,65.34449257,6.425609564,55.2462236,sunflower
61.012446,39.473384,59.528926,21.20129378,69.13764096,6.670959266,63.4709612,sunflower
59.083666,36.541634,65.858752,21.95967564,63.05312053,6.581276307,64.2016348,sunflower
59.930848,42.55715,63.249,21.28958842,63.24814573,6.686719747,50.2345948,sunflower
59.551633,37.138338,58.570339,21.80277874,64.06856462,6.392309056,56.0502829,sunflower
66.875734,43.734924,56.513803,23.04419706,63.96138972,6.525191557,59.7722137,sunflower
58.020754,41.967705,60.37766,21.68547606,61.60806745,6.325748972,54.0910316,sunflower
60.036671,37.606669,59.203318,22.90426722,68.11817889,6.493706006,59.686495,sunflower
65.639624,41.041512,59.016581,21.05882804,66.02407037,6.661718136,57.7260545,sunflower
60.873608,39.272853,59.447903,20.35803744,64.42336835,6.689027014,57.7269508,sunflower
60.157579,38.488099,61.081325,21.85709469,62.55797199,6.759847536,63.3441552,sunflower
58.18528,40.995577,61.612236,22.42391882,60.59493467,6.696288276,57.9490837,sunflower
58.926516,45.275764,60.90562,21.74502717,59.26623463,6.771004006,55.1572452,sunflower
56.989683,39.337295,64.249235,22.51033839,64.58962247,6.560116952,57.8386115,sunflower
60.418961,40.146673,62.90631,22.63833756,66.28434119,6.429342226,62.6705603,sunflower
59.724095,37.836171,58.790137,22.05578781,67.36656104,6.464212006,55.6468846,sunflower
60.170225,40.226912,60.557513,22.6071152,67.64920042,6.38412888,57.7818836,sunflower
56.879404,41.397631,64.34646,21.79204593,64.37228053,6.786022599,61.8200083,sunflower
61.308707,37.618167,62.036184,21.38677002,62.05154752,6.432379543,57.8911462,sunflower
39.556801,18.559018,20.958816,31.01491767,50.71584656,7.205476139,47.5684141,sesame
41.713951,19.931554,20.028776,29.83341212,57.66668425,6.739686517,51.823521,sesame
42.20266,20.71634,22.324699,29.52394791,57.10607061,6.977720967,53.7002182,sesame
39.984622,19.612124,21.306072,29.55759425,51.89200333,6.891462155,51.8570988,sesame
42.784078,20.111129,21.318197,28.77764257,54.02482038,6.939399225,49.6563217,sesame
40.168189,20.690911,19.555193,30.12512582,54.90072964,6.80556312,49.6589999,sesame
39.712681,19.834919,20.031759,30.06810619,54.04895061,7.267270094,46.4915581,sesame
38.55806,22.779964,18.962009,28.78162079,56.61584884,6.563804831,49.2941783,sesame
44.29165,18.455064,18.018036,28.65073692,56.97639105,7.236203111,48.4622336,sesame
41.366425,21.390255,21.787346,29.77829825,49.93676222,6.827615426,48.7195874,sesame
39.482122,19.812141,21.118895,31.14698558,54.62231796,7.230681824,51.0729841,sesame
40.129012,20.906544,20.072252,31.85203006,51.83549543,6.891814111,49.6204433,sesame
40.878905,21.26796,19.975601,28.71999332,56.85353057,7.158541341,44.174424,sesame
39.992392,18.409858,19.335349,29.18747197,56.78038234,7.024534337,46.143227,sesame
41.760132,18.566194,20.330114,29.2673904,54.19551042,7.105896857,51.5643482,sesame
42.673938,19.917746,20.306451,29.60603641,55.40037774,7.09229207,49.7050705,sesame
36.392499,20.331471,20.364561,29.38784387,52.17434852,7.309934622,51.4743365,sesame
39.541838,18.862967,19.178185,31.17233136,55.30285627,6.884376716,51.5290677,sesame
38.371204,21.500843,21.352801,29.58008334,53.61692546,6.450192028,45.5552577,sesame
37.32106,20.13519,19.673766,28.78919806,54.38143911,7.106120801,51.583518,sesame
36.200659,19.871737,18.616659,30.81155583,56.72512212,6.811414282,47.7018644,sesame
39.077466,17.747207,20.335968,29.75443991,57.13438518,6.769334064,48.1426312,sesame
36.986949,18.995709,18.818018,30.89637631,53.46382393,7.026076894,48.8577098,sesame
37.461069,19.8317,20.599103,28.91301655,56.78004814,6.821558606,48.5510482,sesame
41.061366,19.336564,20.037575,29.71677825,55.28460961,6.500044788,44.5109546,sesame
41.231934,21.037181,19.089513,29.78037448,55.64838236,7.145575696,43.9169682,sesame
38.22792,19.667421,20.70314,32.24858744,54.4983874,6.704534733,51.2068042,sesame
42.641992,20.108014,19.093351,30.86219455,56.45980036,6.784523023,51.1442769,sesame
41.994531,21.18189,19.933551,29.6777285,57.70000241,6.745866294,51.3157379,sesame
37.259947,21.065376,19.741954,31.14172491,56.08110806,6.743123752,54.2738832,sesame
43.102491,20.882286,19.238412,29.72458744,55.31993988,6.852220816,55.0770397,sesame
40.288653,17.296652,20.339356,29.68665834,54.83516158,6.922589933,52.4211392,sesame
42.239376,20.283053,19.660689,29.96279652,55.04311916,6.831489692,51.7367859,sesame
40.920085,21.540441,21.25535,29.38289257,56.80465642,6.80029979,52.0877963,sesame
38.966772,18.976747,20.280045,27.59288958,51.14785374,6.962726704,50.2473253,sesame
39.261362,18.420564,19.182108,30.35208839,56.2799199,6.996593145,53.4705013,sesame
40.794794,19.252544,19.719498,28.73742046,54.76209422,7.23354113,52.0558703,sesame
42.804019,19.697115,21.3461,29.8260262,58.23748718,6.995410083,52.1216941,sesame
42.950225,19.806572,20.218389,31.15997708,54.70739304,6.722612621,56.4290212,sesame
39.060471,20.158756,21.156007,29.45235549,52.78269059,7.053284832,44.6207708,sesame
39.424188,20.245039,19.730048,28.61089415,58.5071915,7.021743012,54.2934564,sesame
39.479927,19.119988,20.269181,29.80579159,52.40892479,7.308654694,48.1331893,sesame
36.319467,21.328166,19.495702,29.4529585,51.11614731,7.365597712,46.1315582,sesame
40.116899,20.91262,20.421717,29.94631112,51.25633511,6.829957784,50.563401,sesame
38.425652,20.203359,20.681743,30.8662526,52.30240541,7.461295672,52.302438,sesame
39.996572,21.089537,22.365408,28.70515191,54.50442219,6.500529351,50.5779546,sesame
40.730788,19.960838,19.345466,28.15543694,55.8217741,7.305641242,48.2269446,sesame
40.88012,18.431856,20.457213,29.64595593,53.32268051,6.840323635,48.8191653,sesame
40.764867,18.687837,19.602885,29.9626754,52.58211371,7.377299692,47.4395136,sesame
38.661126,19.021692,21.79848,30.49761471,52.93949759,7.232308627,50.6020961,sesame
40.514507,19.655523,19.250584,30.30398949,53.80080809,7.381518682,46.1921267,sesame
43.072314,19.888681,20.299086,30.74984199,53.61345155,7.181492161,41.8773684,sesame
38.560021,19.075937,18.746494,29.80654065,55.84864993,7.1475586,50.7226303,sesame
38.668613,20.369016,20.124286,30.84245055,56.70926075,7.006400047,47.308241,sesame
38.6941,19.450211,19.684734,30.24124538,56.57338366,6.989265074,50.0483744,sesame
40.286613,19.484095,19.074608,28.42010589,53.47067141,7.099360545,47.8912657,sesame
39.524386,20.466431,20.520689,29.02842043,57.19353058,7.236743519,46.6104504,sesame
38.352326,21.191091,19.853146,28.00219985,51.92070069,6.947632379,46.510872,sesame
39.173152,20.032396,21.462255,29.73859148,57.35959196,7.300039634,54.302929,sesame
40.569509,18.036711,20.460825,30.9435599,54.82165237,7.366362613,52.5795007,sesame
41.136547,21.086381,20.33337,27.75647055,53.90189431,7.251405286,47.577226,sesame
39.553055,18.955164,21.783923,31.51334321,53.05548843,7.03093258,47.9585179,sesame
41.229889,20.509683,20.811706,30.2987266,61.45789365,6.784136009,44.8681899,sesame
39.21382,18.432012,18.507538,29.09881681,52.97118441,6.799530199,51.5546569,sesame
38.987622,19.820485,20.894233,29.31030973,54.41799902,7.076809597,44.1752966,sesame
35.230189,20.346117,20.492014,31.85779812,55.34780873,7.172145341,49.4135821,sesame
40.594454,21.667257,17.876007,30.37225463,59.69829081,7.059227186,54.9517189,sesame
38.741576,19.967953,20.033525,28.00416803,52.43000878,6.769656233,52.4661982,sesame
41.744306,20.324036,20.824103,29.85226553,57.64424967,7.001845573,50.1735921,sesame
39.468815,20.68445,19.578801,30.87878824,52.50927189,6.769227587,52.0622803,sesame
39.822912,19.546109,20.890058,29.45346473,54.55955724,7.29383787,54.617427,sesame
43.144796,19.717874,21.230703,29.14594246,53.00481368,6.506404271,55.0186046,sesame
38.27204,19.873467,19.089676,30.62564872,54.17360595,6.725988453,51.3249877,sesame
37.13254,19.162594,17.893111,28.7184377,55.39276417,6.587447432,45.5565628,sesame
39.995262,19.456393,21.992037,31.65050689,53.09057058,7.1169989,52.2478477,sesame
38.805042,18.504458,19.987702,29.84443889,54.04131811,7.092886542,47.7478112,sesame
37.696005,20.109083,20.38597,28.94101955,57.04179934,6.628198961,48.2656596,sesame
39.483983,19.363776,19.43494,31.68396703,53.128055,7.512656562,51.3113803,sesame
40.18411,20.47624,22.529928,29.1057663,52.53508058,6.841478099,50.0964294,sesame
36.548458,20.022339,21.693547,30.13626665,54.35609199,6.870186306,52.6955351,sesame
38.348334,21.846396,21.93336,30.23107572,54.97466681,7.21643856,53.2843955,sesame
38.388017,19.473445,18.677653,30.36815844,56.46658134,6.716515616,48.6344033,sesame
37.305492,19.1012,20.551017,29.33986614,54.3381829,6.658264537,50.5609706,sesame
39.911453,19.271041,19.810986,30.16226539,53.20729007,6.689984866,55.4167233,sesame
38.733455,19.90324,21.01084,33.17614967,52.26212981,7.094463715,47.8773431,sesame
38.922419,19.279788,18.874345,29.96283777,51.75609409,7.198829589,50.1650088,sesame
40.84487,19.533811,19.632796,30.25880751,52.43908861,6.924822009,47.4211595,sesame
38.218862,17.890162,21.339327,29.38211512,57.55942732,7.224446387,46.1420009,sesame
37.823178,22.560503,21.750926,29.97163334,55.56622083,6.867522255,51.2970581,sesame
38.565636,17.967646,18.678444,30.01898347,52.51165208,6.985871732,46.7760169,sesame
38.435292,20.853165,20.247481,29.99130202,56.93372074,7.100927805,54.3396899,sesame
39.080281,19.570365,18.698891,29.61391735,57.12249377,7.272997348,52.8809155,sesame
36.411616,21.083145,18.161481,30.80830559,54.19087404,7.147531996,46.002655,sesame
42.342335,18.535025,19.331545,29.10171484,51.14057332,7.019850789,55.4182674,sesame
45.33381,20.097156,21.116681,30.20888517,56.09754303,6.928148783,50.5852308,sesame
41.074957,19.42154,19.922506,29.94741289,56.8180873,6.776133244,49.8453734,sesame
43.824011,21.16406,21.349179,30.02198866,55.70619464,7.210469595,54.6807666,sesame
36.096794,18.684559,21.309444,29.75079958,53.52221426,6.736626193,48.3349499,sesame
37.195261,22.091094,19.977564,29.94784451,56.29376869,7.202092486,52.8376645,sesame
42.147244,19.369154,19.702133,30.69212849,53.83974406,6.998927607,51.1962913,sesame
83.14074,36.444638,51.786864,24.82470696,77.12237313,6.139847705,767.5324326,tomato
85.413815,42.693143,53.609176,25.21853424,75.09655526,6.157107075,730.7474,tomato
78.763735,40.809647,49.912259,24.35955032,78.87138222,6.009935864,786.0457468,tomato
73.498031,38.886442,50.081597,25.85303582,76.19840812,6.055885096,652.6549207,tomato
75.372234,40.645009,46.589735,24.60109169,76.50275199,5.823181631,767.4249504,tomato
84.895745,36.85716,47.669072,23.28566707,72.65222591,6.137949926,682.6164124,tomato
81.843189,36.955331,51.994938,24.58366808,75.03650905,5.98328259,646.5949621,tomato
75.387663,41.935589,50.99748,25.78753678,75.97397471,6.025738314,627.507554,tomato
78.918533,39.945231,54.882768,25.51521747,79.60818355,6.107556787,670.1252645,tomato
80.468497,40.472447,47.652111,24.71170947,74.38269902,6.28901157,612.6088979,tomato
84.823274,38.12641,46.569802,25.8849566,77.19569421,6.225813366,733.6294818,tomato
88.23938,41.117448,49.608807,25.25719478,78.73040739,5.859712441,672.6206795,tomato
78.76416,35.790834,50.345196,23.58540347,75.15917794,6.155752156,679.9711887,tomato
86.708463,37.078998,52.978152,25.50635279,69.85190026,6.487942974,697.322698,tomato
76.490064,37.185826,49.449955,24.90444485,75.30793659,5.946396692,726.595463,tomato
78.449481,36.130072,49.626596,23.22439176,76.06131189,5.823725959,706.8611349,tomato
85.2563,38.102503,52.653141,24.67495782,80.25958441,5.93427253,664.6992946,tomato
82.748954,39.128421,47.896376,24.64162011,74.8661804,6.241592424,618.7683147,tomato
80.092323,41.249807,50.483621,25.98239888,74.77696401,5.96678074,724.877841,tomato
80.397255,39.219183,51.29036,24.51060378,73.16646854,5.904961076,756.8289047,tomato
67.115935,40.791198,50.08568,23.73934716,75.92918034,6.085635359,724.7648477,tomato
69.392688,42.732779,48.155658,25.51492581,77.22322134,5.842194525,727.739318,tomato
78.458027,35.857246,52.919355,24.41871628,72.43651961,5.927448144,711.4339425,tomato
79.770918,41.096134,46.651277,24.44321022,74.65200878,6.341619713,695.2198734,tomato
84.340889,40.07711,48.790853,24.81495668,74.49474086,6.108656233,757.7336732,tomato
81.438723,42.374155,47.588026,24.68902712,72.8270924,6.056600026,684.9237478,tomato
82.919092,38.137997,50.107577,25.51514343,68.80409167,6.381893635,688.1076208,tomato
71.89984,40.316188,50.083609,24.93857922,77.97357334,6.134540095,712.5108,tomato
81.800623,39.791283,54.438727,23.89060299,75.41895502,6.011704434,734.1577771,tomato
76.624584,36.512655,50.392058,25.21092287,79.46879823,5.771334832,748.4971382,tomato
89.469657,39.24447,46.772644,24.69476923,75.0420149,6.101481818,675.1614213,tomato
86.220794,37.770935,45.651987,25.83003282,68.17613691,5.963256642,830.9426074,tomato
79.951826,37.758465,49.856506,24.96189941,75.48194982,6.119207337,656.3573309,tomato
86.750192,40.490229,51.816985,24.52888795,78.85914641,5.953730566,711.6572056,tomato
76.267576,38.006137,51.720513,24.66729488,72.43853074,5.884226998,729.356029,tomato
77.483849,39.76469,50.037569,23.56198834,70.58662078,6.06053002,669.0447668,tomato
84.2269,41.933614,51.797922,26.36482884,74.75073202,6.116798747,675.455159,tomato
89.80948,43.967267,50.029701,25.28993967,79.0778928,5.973514889,672.421789,tomato
83.495959,40.156878,50.457486,24.37429649,69.84698355,6.042505634,738.0084057,tomato
79.096773,42.872859,48.240209,24.20897166,74.79830908,5.985133336,732.3386867,tomato
76.900149,42.736188,54.917292,24.97064198,78.74913126,5.809830527,745.1593047,tomato
84.189106,41.726875,49.961092,22.78431329,73.07481857,5.887335117,658.9132926,tomato
80.488972,39.162073,47.93847,24.20589989,72.85346104,6.201869858,672.2369477,tomato
77.940245,39.086605,50.847484,25.34218712,65.86603038,6.183894338,760.3274574,tomato
75.799254,38.055404,48.874367,24.43299699,75.67178062,5.649625448,653.0470405,tomato
86.156789,38.14356,53.108571,25.26650365,69.57219686,6.114359255,695.0579733,tomato
78.178132,40.489914,51.186584,25.53069387,78.53475854,6.073464464,642.2233683,tomato
78.105418,45.886097,51.811228,26.77696548,79.18630225,6.043524373,712.6590969,tomato
79.85368,36.524391,50.045118,25.90800591,73.20108002,6.07415154,735.7668239,tomato
76.361278,39.097394,47.455221,24.38337579,71.13718415,5.837919277,759.6171386,tomato
76.338092,40.252918,48.742828,25.88414945,78.93348689,6.155532597,712.8576512,tomato
79.075762,37.616251,54.858822,24.43024524,76.99093904,6.190721803,676.6782191,tomato
84.15205,41.528426,54.31991,24.64799015,71.14240795,5.909011844,708.7718488,tomato
80.232851,39.213124,45.227006,25.35286225,80.91703344,6.083565223,725.5836918,tomato
82.289781,40.794093,52.329165,25.29653026,74.06196849,5.856721996,689.5431065,tomato
81.256518,39.367834,50.785847,25.3293626,77.49953829,6.230903094,703.2763116,tomato
74.768894,39.309792,50.110156,23.62317343,79.16599356,6.025628024,716.0168191,tomato
85.462106,38.739714,51.435105,24.91760191,74.4477394,5.86100537,769.955335,tomato
78.498,41.398928,45.312482,25.8849914,78.15663347,6.01753814,690.4684164,tomato
81.6,44.577581,45.591908,25.58652054,72.26514809,5.996414689,689.589035,tomato
78.286727,39.97907,47.164572,25.77188533,69.61756947,6.097157612,686.2854942,tomato
75.3163,40.404767,46.107622,25.02978537,70.73136928,6.083028975,661.176992,tomato
78.196024,40.587899,48.068645,24.956527,70.4585085,6.113557609,774.1263798,tomato
91.168835,40.182336,51.97051,23.66453075,79.50820298,6.139721131,679.6747953,tomato
84.948723,39.491048,48.854937,25.35650119,71.8099365,6.183892458,655.6484279,tomato
75.799781,38.18062,51.89875,24.53741848,70.95601265,5.8909776,698.6542204,tomato
75.27611,37.696638,55.278241,24.35457595,74.03087289,5.93389734,682.3030141,tomato
82.485387,41.896286,49.235114,24.07264129,78.82332068,5.982838604,772.6735162,tomato
71.017656,40.390806,54.796516,24.7350519,74.32351973,6.053192104,676.5305756,tomato
78.751712,39.32437,48.431448,25.92164241,76.3832341,6.045113082,733.9599823,tomato
78.942577,38.451592,48.493439,25.00133728,71.82236487,5.909953017,678.323101,tomato
88.498225,34.45237,49.550951,26.29427034,75.36553339,6.135615145,704.1927052,tomato
77.330666,35.516168,50.513639,24.41829505,72.59899378,5.910182294,773.2841791,tomato
89.61935,40.434416,48.838082,24.11708019,76.40562048,6.320923008,689.6117037,tomato
70.484016,41.340099,52.463499,23.81061577,75.52945255,6.081220683,696.9294933,tomato
76.836916,42.031874,48.991551,23.88611038,68.85157654,6.226952914,725.899887,tomato
80.351894,39.119451,48.677504,24.19319751,73.70563307,5.618384301,669.0853266,tomato
78.75625,41.21976,49.900184,25.59619234,79.04740532,6.190470617,719.7614136,tomato
80.047451,38.038424,51.84986,26.25981054,76.02631812,6.345106647,635.9259883,tomato
75.383346,41.710403,50.660726,25.98533663,74.95358508,5.843764424,691.0290838,tomato
73.869264,37.742819,52.43111,25.65459056,76.08901285,5.690206046,684.9470498,tomato
75.1,42.353067,48.540695,24.18568922,75.0893885,5.884772198,762.3172442,tomato
77.060756,37.201543,44.617716,24.97691012,73.31420966,5.742797171,749.9475114,tomato
82.668981,39.943564,53.410816,25.49690203,72.5314323,5.81294037,734.3552249,tomato
81.585468,40.339496,47.883755,25.45596068,72.73350335,5.981642402,760.7716541,tomato
77.356663,36.854021,47.368632,25.74572412,75.76419341,5.976802072,678.6180602,tomato
81.94144,38.30179,50.764164,24.45155907,72.30702184,5.885252262,684.2328872,tomato
79.804681,40.470912,40.779087,24.39426208,73.82529007,6.270911167,654.6398904,tomato
80.651186,42.990061,46.717579,25.29548142,72.5931845,5.909165926,666.269345,tomato
77.072571,45.443824,52.11114,25.8263034,76.47598046,5.710873778,716.5882348,tomato
84.291718,38.293201,52.413317,25.52825216,80.55612013,5.924799058,653.9003387,tomato
78.553488,42.871142,45.428985,23.44871821,75.26818584,5.920333927,700.3245715,tomato
83.781247,38.894861,45.317485,26.53336117,72.00831514,5.809373318,746.3562406,tomato
78.462044,39.87322,51.206975,25.81268733,73.99961792,6.273591361,610.2964064,tomato
83.039149,38.320945,53.430678,25.10653336,72.981284,6.119311397,737.5139106,tomato
82.567576,37.940608,48.789957,24.99694537,74.87622104,6.134954186,615.3741482,tomato
81.337308,39.420037,47.903748,24.44313492,74.35638701,5.351804681,670.545838,tomato
76.496741,41.065566,47.986183,24.83866465,79.62682988,6.178983274,737.8953988,tomato
78.00051,41.086065,49.415255,24.85293009,76.22905603,5.892541154,762.7061304,tomato
79.359479,41.236721,53.639001,25.77374033,70.77324269,6.080081261,735.7302146,tomato
83.567452,56.660115,77.371859,20.59673494,69.80613013,6.441559269,766.186784,potato
79.808803,57.819678,76.489531,20.1996316,68.16053374,6.451769487,713.9956825,potato
85.196599,62.002644,77.14374,20.70705159,71.13739669,6.259037911,692.7742629,potato
85.752677,60.49572,80.050087,20.98232699,67.87769804,6.249308173,632.1344482,potato
81.490593,60.499479,86.170945,20.14608505,70.83602738,6.50035,704.9437116,potato
73.312955,68.130995,82.079484,20.12600498,73.77167227,6.638335141,694.0967536,potato
77.475035,61.798352,81.542843,19.51406594,76.08682256,6.557203647,730.6524132,potato
85.567684,60.065666,81.267808,20.48601634,69.91240008,6.510540074,705.2730406,potato
76.175766,66.95291,74.370826,19.22113766,75.78497254,6.639086919,656.9094777,potato
82.429156,64.403551,79.878948,21.55929374,67.03470198,6.635295574,748.9941901,potato
83.565376,59.386933,78.838234,20.2664871,74.34937292,6.61748232,743.6824314,potato
75.92452,59.316687,76.239936,19.76833233,74.92383617,6.521056865,809.4880849,potato
80.773625,60.179076,80.424732,19.61731478,71.83343056,6.719918665,704.7867681,potato
76.826161,57.224746,78.199192,20.04431806,75.43752922,6.238604715,686.5672963,potato
80.57724,54.498883,76.665607,19.59206688,69.70760532,6.537418461,693.2564964,potato
77.778856,61.283888,86.892299,20.98355391,66.4624173,6.612529076,692.5230218,potato
80.620621,58.805151,80.470355,20.09084444,70.33261894,6.325208328,681.1547813,potato
80.937037,61.796989,83.413396,19.70348599,72.81747235,6.687688005,748.9549856,potato
79.764669,59.337205,80.764497,19.31017552,71.44240461,6.645194348,726.9617794,potato
78.91893,60.653155,76.701399,20.42209529,71.77587426,6.446189467,684.8075989,potato
79.748425,58.656367,82.632572,19.76282987,76.5877366,6.785716048,662.5551734,potato
80.278817,58.04803,78.69341,21.20145648,71.11419432,6.570244077,722.7354943,potato
75.997483,57.434714,75.175911,19.46841756,63.79191329,6.606193568,786.2761413,potato
80.591283,55.751193,77.428894,19.72467389,69.06935584,6.667735614,734.0309219,potato
75.378193,62.175243,86.107251,21.14153492,80.25181063,6.324111433,818.6172579,potato
78.583174,58.222604,81.308289,19.6507632,73.14924713,6.242584948,689.9723907,potato
85.142329,59.828816,80.566383,20.28515516,75.37150549,6.177231181,724.5500102,potato
78.927443,60.499914,84.239801,19.28348801,69.08358401,6.122591158,676.9353244,potato
85.321729,59.638238,74.6395,19.70859275,67.71495829,6.28058871,716.3303942,potato
75.304507,63.337903,79.715519,20.05135682,71.19828585,6.650705329,732.8927153,potato
81.340217,61.694367,79.151641,20.3253218,71.02691201,6.500435166,688.4649625,potato
78.171126,57.932665,81.87076,20.78636355,75.37277368,6.254969759,754.1465282,potato
78.727366,61.802199,76.375139,20.08518795,72.90352277,6.210502066,725.547221,potato
85.38374,59.476056,85.440673,19.8861839,74.44680345,6.067378857,801.5886667,potato
85.981833,59.146123,72.111644,20.17281702,67.84149442,6.58674644,717.2857602,potato
76.234387,63.362901,83.222299,20.585494,72.02551019,6.223972807,741.0706354,potato
78.918514,55.83066,85.408157,21.25964451,71.88120539,6.921028625,703.8352186,potato
78.478176,58.108625,86.54833,19.53191367,74.11757561,6.390963052,680.667116,potato
84.120999,58.859889,78.380818,20.67968282,76.6005042,6.625714512,672.4996694,potato
77.957566,60.239746,81.28372,19.40728045,74.08234927,6.516675099,627.9402506,potato
76.284294,58.487614,79.708569,21.13356728,72.68593336,6.336049481,709.2664938,potato
78.591649,60.974275,82.322271,20.72553839,71.93005489,6.819597303,738.1369518,potato
77.170242,66.629567,81.307978,19.4989253,76.76038959,6.905166629,698.6129389,potato
77.985399,59.482875,82.858927,20.76671399,73.64300351,6.519836026,762.9164944,potato
78.748654,63.092758,78.847749,20.25861377,71.67293981,6.489108824,684.1497663,potato
85.379416,57.801222,77.039071,21.27259614,74.81620099,6.034902829,676.259133,potato
72.752043,57.147928,67.445941,19.91780625,68.71120756,6.511681525,631.7449071,potato
80.331647,58.755251,86.007812,20.84681412,74.26179534,6.436310313,783.3859766,potato
73.787859,55.789324,79.664868,21.35242287,71.41726395,6.464267178,639.439765,potato
83.783718,62.859529,83.156301,19.6224676,69.96468451,6.247841161,703.5226451,potato
75.678371,56.46775,78.305237,19.70650629,70.45062184,6.590956696,703.3200077,potato
78.847376,60.549039,76.033892,20.06316717,72.43373518,6.206905862,741.8191377,potato
76.474265,60.270929,84.657647,20.55540605,72.09888016,6.429312694,739.7955002,potato
82.69878,58.144905,76.820425,18.75658689,72.4436117,6.48387394,747.7200377,potato
81.43622,64.002688,77.210543,20.6828902,70.47672083,6.651631232,638.7321475,potato
80.940541,54.045936,78.93145,20.2642124,70.49961057,6.295164662,735.5369757,potato
79.586149,58.531288,80.167584,21.58200149,75.32208821,6.726701865,718.2929454,potato
80.665941,52.811753,77.284079,19.71165535,66.60031086,6.274303921,616.8048682,potato
79.846705,62.456298,84.427098,20.24887068,69.22541854,6.123247294,626.2115146,potato
74.92407,57.333421,79.361006,19.39150147,72.97625057,6.454706667,700.4429199,potato
84.561002,56.459305,81.674818,19.99161606,71.03955951,6.672624983,736.9185945,potato
76.214037,59.453518,81.124847,19.83619595,73.68486144,6.554832443,776.9675721,potato
73.878883,59.632692,76.36599,20.36246447,67.34254496,6.567530978,673.5379659,potato
77.063353,55.660505,78.139696,20.65070032,71.92745659,6.622397681,769.9149565,potato
81.055022,58.323601,81.869009,19.67342231,70.54726267,6.203620904,738.9028146,potato
78.45599,60.546295,75.856152,20.26156858,69.80560923,6.472366799,736.8686933,potato
83.163037,59.93391,72.927476,21.79568634,77.02807383,6.640921591,668.3654412,potato
79.545631,58.369739,85.055424,20.15750173,69.74160809,6.408202756,747.089902,potato
86.400391,64.584995,83.028128,19.84842508,62.66444018,6.557946205,699.9231921,potato
80.559928,60.161692,74.694951,20.33444513,73.82078298,6.633056063,739.7562342,potato
82.416207,58.769912,79.716653,20.05467492,72.31017441,6.694652443,727.0340876,potato
88.309374,66.619407,80.318598,17.69800667,75.5620775,6.394626614,666.3376753,potato
78.406219,58.660071,82.449079,19.06433853,68.89616425,6.566915918,726.1636493,potato
82.566167,57.638891,76.086937,19.6960191,72.69083353,6.789668087,614.0076382,potato
79.117085,56.001965,73.391029,20.58017399,73.56851877,6.587639536,738.6830853,potato
78.081124,58.702087,88.742922,19.85205737,74.11718049,6.5012444,622.3731417,potato
71.821484,58.263047,84.224405,20.47297499,74.63254223,6.307525995,767.8666446,potato
76.140427,60.638473,79.958591,19.89567571,75.85514536,6.362503449,643.3165793,potato
80.079982,58.80052,93.509532,20.40590449,70.82109914,6.294058244,621.0278868,potato
75.899124,60.344825,85.709315,20.67301349,72.65979312,6.436982305,711.290119,potato
77.925448,65.155092,79.243239,19.94819729,65.61843142,6.461890205,735.1323338,potato
75.72911,57.747839,83.170844,19.11400567,75.0464669,6.396231941,683.6801347,potato
75.504486,61.134139,89.839488,20.46889834,69.51085845,6.721446014,686.6994591,potato
85.49794,62.420029,68.227434,19.39755222,74.71982944,6.529573168,657.0022502,potato
77.465642,54.28129,79.646507,21.32641384,74.31820817,6.927131315,737.0606778,potato
84.109917,65.922236,81.509053,19.88766361,74.97405365,6.783498846,679.841485,potato
77.113724,60.416568,83.325995,20.47885463,67.89839731,6.872763183,673.071073,potato
78.93974,57.292037,90.793315,20.1452424,69.54919177,6.668465092,732.3037027,potato
79.249092,62.52182,76.698832,19.70424904,66.21057603,6.241829539,775.9204938,potato
86.565715,60.197366,86.651726,19.90395531,71.29897833,6.511019576,694.753293,potato
79.139215,63.430194,80.600543,20.42748906,74.97037591,6.57569623,659.2486043,potato
74.588536,60.446342,79.314975,20.05243486,71.95376437,7.003796864,644.1304973,potato
72.040215,60.997131,78.49431,20.18964072,73.6815831,6.750400416,636.6965155,potato
77.773128,61.286284,83.081854,21.31606973,74.75242744,6.488926224,662.6016984,potato
77.742841,58.221892,82.620935,20.15419847,68.18788924,6.414999214,736.8569972,potato
81.406649,61.705934,81.531687,20.97585844,72.67980402,6.424725554,661.5382883,potato
80.998438,52.677888,79.262844,19.87649608,68.07032394,6.318988161,734.0056163,potato
80.922847,60.305365,81.22539,20.05557655,75.57944418,6.52406869,638.7550492,potato
86.52052,61.111021,77.642985,19.24795897,73.14023296,6.477151459,766.114165,potato
78.616371,57.487858,83.583185,20.55516914,72.48571594,6.631889624,698.4171409,potato
60.701595,42.329982,51.563296,24.87304417,63.24567011,6.038853202,73.0030859,onion
54.882123,38.745814,49.897706,24.8901395,62.4153865,6.293721859,66.0169906,onion
58.265364,40.590282,49.838069,25.06970174,58.6801804,6.40053753,66.1203628,onion
62.831147,38.803441,47.828081,25.46009512,59.92199066,6.661947136,61.4673909,onion
54.661683,38.933992,48.084118,24.9409087,58.47157149,6.644498306,63.876214,onion
60.451423,40.315269,50.487388,24.98190317,61.22544166,6.344847249,70.4577299,onion
59.290388,37.376902,50.470183,24.36161464,61.59680288,6.930873087,61.9323688,onion
60.997117,36.488989,51.134763,24.33571465,58.50039692,6.285249134,67.8553898,onion
63.021913,40.04677,47.838933,26.19214228,58.19901569,6.078403702,66.7877171,onion
56.685676,41.977218,49.047156,25.45278493,63.36360083,6.264272521,62.7928452,onion
59.772987,43.075103,48.354043,24.55412223,61.14753738,6.387440398,65.5948509,onion
55.345388,44.42866,46.630727,24.75868547,59.92204551,6.872974186,59.8331015,onion
65.951112,41.514354,51.042738,24.26152473,61.37073898,6.358920109,69.9399789,onion
57.086814,39.773683,48.611817,24.25935778,61.77916756,6.604414456,69.7151398,onion
54.660375,42.128341,56.263622,24.66126918,64.54835667,6.448683552,59.647602,onion
59.083103,42.096408,47.904559,24.54974601,61.42449464,6.500596723,67.2800295,onion
60.713489,40.959251,48.919247,25.17379821,57.77430479,6.751244556,62.5263286,onion
63.386542,39.532786,50.504998,24.62877659,57.56161097,6.159771724,60.8842358,onion
59.028273,40.423758,52.525948,24.66568191,57.88329417,6.218670617,66.8722481,onion
64.149584,42.532661,51.774832,25.47890749,64.07429707,6.564755885,67.5199057,onion
59.037648,37.275913,48.290378,24.99313072,60.14588489,6.875625742,65.316981,onion
63.53653,39.129846,49.22081,24.00324427,58.21841277,6.602761371,65.0294847,onion
62.828816,40.362508,49.118866,26.61122265,59.77463144,6.726785189,63.4352841,onion
62.128798,41.856031,50.52123,23.23413781,60.04380591,6.739939709,67.0571752,onion
61.337517,36.555486,48.198862,25.30851822,60.98491986,6.736860022,64.4350197,onion
61.217472,40.032748,47.532643,23.3081565,61.03442326,6.533919706,62.5891173,onion
55.142481,41.259479,49.3352,25.41765604,64.47371647,6.082420978,62.2715568,onion
59.371873,42.909652,45.908992,26.45189577,60.32605416,6.481279871,64.2275669,onion
58.691211,42.096234,47.328698,25.25906064,59.077964,6.351383978,75.0853032,onion
61.257152,41.226531,52.844442,23.93398754,64.20550058,6.01075335,62.001811,onion
58.622905,41.163447,50.546796,24.87488894,59.97120637,6.30928551,59.1607937,onion
62.179535,41.387412,53.961236,24.40748718,61.6627565,6.444677188,69.6428524,onion
63.065888,40.422419,49.151175,25.72069913,61.55257086,6.366534122,59.8215852,onion
59.134401,43.030828,52.866218,24.1657544,57.1973822,6.748563351,60.57102,onion
61.527886,38.767858,54.042612,24.4221814,62.74406767,6.536047438,65.9835599,onion
54.089074,35.594173,49.448585,25.18517955,57.29952521,6.287704785,67.1897433,onion
61.688563,39.724518,51.950504,24.11934828,59.1457562,6.821336133,65.2664563,onion
60.378938,44.611893,46.501645,25.59732277,63.99356707,6.436652704,68.3525601,onion
57.053942,38.626535,50.962416,25.598925,62.69024763,6.806077574,64.7369584,onion
63.580835,39.31539,52.255228,25.1556166,61.06962698,6.582584035,58.7416505,onion
56.627634,40.205083,45.781802,25.62340833,62.09173432,6.563798258,60.6275774,onion
64.140417,44.074421,50.367692,25.38290153,60.48417277,6.603421992,64.5337208,onion
59.896307,41.811435,55.86406,23.94994657,59.75085004,6.269810205,71.2088971,onion
58.236786,37.113598,51.595467,26.30823334,61.59263488,6.539935586,66.5956496,onion
64.244522,38.251601,49.720382,24.66048239,57.19712326,6.435966824,69.3201123,onion
61.699806,41.288621,50.366189,25.39249284,58.07858318,6.439645572,65.7488165,onion
60.832548,40.640376,49.654162,24.71693245,67.57865108,6.676823518,66.6112752,onion
59.300375,39.097562,49.672999,25.21962163,55.48695469,6.193969029,62.5161587,onion
60.621418,39.521454,53.695303,23.88820241,58.19677087,6.796417889,65.5113654,onion
62.654528,44.102494,48.265489,24.92551425,59.34617544,6.118854364,63.7894525,onion
62.643187,41.081179,51.547708,24.71836826,58.42536663,6.747504856,63.0604631,onion
60.882246,40.326669,53.654293,25.72855927,56.89137931,6.268427132,67.2577483,onion
59.806987,39.089656,52.53907,25.14059454,60.12589773,6.652066585,63.5370749,onion
64.705557,38.423905,51.642323,26.07537463,56.69449083,6.433049641,69.4546088,onion
63.471734,39.657009,48.163322,25.71695187,62.84051785,6.272890647,60.3047368,onion
60.67577,41.258721,49.252327,25.50947036,58.29567214,6.087634748,63.3467858,onion
60.189696,39.44832,47.103492,23.63826327,58.76618687,6.675042875,69.89917,onion
63.56314,38.368181,47.115734,25.37247596,61.52424003,6.578033073,57.1451532,onion
57.399346,39.940622,51.218045,25.57548052,60.34620845,6.564502842,65.3309753,onion
62.056858,40.625731,50.164344,24.7987234,60.19509942,6.594495319,66.043154,onion
61.142479,42.685444,50.66291,24.51325111,62.12065629,6.233591324,60.7824878,onion
61.007542,41.032793,46.887372,24.71288689,58.5453988,6.405098117,68.6800313,onion
62.119516,39.961756,48.635095,23.98776275,63.40844385,6.615462211,62.2439905,onion
62.158798,39.859553,49.282226,25.32640865,58.2204042,6.432967479,65.4736982,onion
58.501646,41.33817,54.672666,24.4342764,56.00369929,6.109660667,64.4131742,onion
58.010506,40.415721,50.331494,23.79758737,55.64427881,6.557706982,65.5281725,onion
58.722546,36.685713,51.178478,25.95392466,60.66715786,6.334742591,65.1737534,onion
55.901658,42.115921,50.204611,23.67388232,59.27838153,6.590343794,63.7011143,onion
59.172313,37.551196,51.416352,24.5136481,54.8245311,6.427604813,68.8264839,onion
58.839212,43.47597,51.07242,25.25406862,59.69184416,6.486684189,63.9726478,onion
59.093192,41.061734,47.660422,24.19307963,57.30433188,6.898902637,67.0683373,onion
60.913477,37.884971,51.558356,24.91257149,60.51400546,6.309559038,65.6250485,onion
58.728499,38.468778,51.835266,23.84671914,61.35546303,6.633474796,61.5693897,onion
57.539015,39.553949,50.705091,24.88535876,61.0405499,6.843781032,63.0199046,onion
54.85446,41.651847,54.208286,25.29457627,57.38940318,6.475840989,60.6377584,onion
61.928566,37.297419,49.249678,24.24674663,60.30437924,6.428563373,65.6893722,onion
60.067052,38.026682,51.567193,24.96342576,57.62753038,6.936980678,66.8580777,onion
59.540218,42.830409,54.604539,24.89098793,60.83375397,6.30733945,64.4259483,onion
59.402812,40.369654,50.831901,25.41987134,60.57034238,6.263905188,61.3399783,onion
58.360777,39.435519,52.626936,24.12779576,59.14220388,6.685836852,63.8304778,onion
61.381247,39.720916,50.641958,24.82864559,61.60095713,6.198714001,63.5830832,onion
60.889718,41.06739,53.732382,24.7067315,63.55075623,6.371490354,70.181721,onion
62.452401,38.173083,50.767598,24.96157312,61.50140302,6.45646204,63.8017397,onion
64.107284,39.802558,52.066056,24.83098639,63.99999182,6.367724747,62.6048402,onion
64.573552,39.110107,54.002686,25.66888043,59.6288407,6.146407773,64.9246586,onion
60.30489,42.334435,53.971118,24.48625962,61.92283623,6.64925342,69.1863095,onion
61.49607,36.115005,49.611444,24.13321932,59.51374614,6.691100826,66.1900883,onion
63.444273,40.683508,46.754185,23.10936475,60.35714103,6.458284339,61.1899116,onion
54.898118,38.530514,49.513771,25.49940837,60.4527146,6.813573113,60.9611442,onion
62.643177,40.094597,51.736673,24.67261385,62.5720329,6.557568828,62.3501646,onion
59.963928,39.520888,51.222946,24.11516744,59.92955591,6.577084914,65.1287909,onion
64.040824,41.548046,49.981298,25.16251682,60.70959732,6.578643423,57.8799338,onion
59.095421,37.031122,53.195702,24.95436286,59.53598172,6.67487548,66.6470667,onion
56.614096,39.858189,49.162083,23.69160033,58.34333704,6.464209637,64.5516914,onion
55.553306,42.303331,49.744742,25.02816481,60.96153993,6.34632513,66.7797883,onion
58.898776,38.206829,51.433619,26.11875539,61.7395905,6.679980625,62.9695406,onion
55.207141,42.980275,55.136287,26.15710508,59.19411375,6.274846304,60.8438375,onion
54.948802,39.785243,54.014195,24.89375303,60.72557496,6.768241408,63.4240283,onion
66.106594,43.984189,49.672222,24.5668493,61.67337131,6.432232636,60.4894347,onion
63.843716,42.432895,50.388779,24.05285143,57.049137,6.520909711,63.050503,onion
98.294535,63.065889,51.832948,29.15763985,72.02813033,5.938225518,125.4646682,chilli
102.240392,64.597141,51.051342,29.55241165,76.62005341,6.191190141,117.6706924,chilli
100.071436,62.732833,54.032445,28.61255904,74.75048468,6.247920305,104.2177537,chilli
92.888827,62.044903,50.035271,28.50863147,75.19322257,6.102770225,114.1362997,chilli
102.85243,62.983244,53.051377,29.69138561,75.73229533,6.049303996,109.0331583,chilli
97.342943,59.420754,52.625799,27.48675906,77.38902006,5.999708091,118.7243896,chilli
101.24447,58.826531,48.927407,26.56797984,74.25613738,5.913605734,116.2849369,chilli
102.084365,61.975896,50.580486,28.83614876,76.72668578,5.946889886,116.6674347,chilli
101.564111,61.721301,53.494611,29.00058536,73.37558098,5.98163887,124.8313282,chilli
105.339989,62.816908,49.840305,26.94662097,72.00319087,6.049074033,122.4640242,chilli
94.506603,60.133709,51.578061,27.03296961,78.31499161,5.932044393,129.0548144,chilli
97.332738,56.920124,48.854658,27.92007558,73.83456028,5.961119744,122.4045491,chilli
99.144103,59.801663,45.726934,28.32902633,74.73239011,6.289852736,113.2351308,chilli
90.958523,61.854205,50.866318,27.15291626,70.41075313,6.276731412,130.1815948,chilli
87.562716,58.625331,54.16048,27.60010745,73.5281633,5.949103321,111.9295418,chilli
91.476121,63.157642,45.392658,28.20770802,77.65973848,5.738779266,113.3452675,chilli
106.065896,61.598675,48.456786,29.00988916,78.61960717,6.048429485,113.5188464,chilli
97.932756,60.85916,49.528513,28.78872403,70.41067776,5.731032565,121.302272,chilli
97.542278,58.118854,45.579858,28.01641851,74.84173468,6.117626217,120.4961242,chilli
99.33698,63.531002,46.718832,28.45056694,69.98655851,5.849094862,111.2688686,chilli
103.909713,59.803769,49.966242,27.07034429,74.10091951,5.862576245,122.7608761,chilli
95.044544,63.989383,45.811049,27.32252334,80.03160153,5.921675025,110.5328736,chilli
101.095358,58.573823,47.910324,27.07946852,83.30512082,5.954720658,106.135915,chilli
107.468549,61.833213,48.083834,27.21617997,77.02041839,5.955554701,106.1329597,chilli
108.9362,58.698029,53.738929,29.07388536,71.99697137,6.185974176,115.3096136,chilli
90.666497,58.726206,50.994094,27.61130122,74.07885498,6.205841888,120.7667567,chilli
95.783508,62.106091,50.494189,25.88185197,76.28505874,6.070529167,120.1448721,chilli
104.458503,57.982819,50.841249,26.68375413,76.22127115,6.351550745,112.8370343,chilli
96.200989,57.869954,50.324996,27.10704953,76.26374214,6.15243119,123.8472999,chilli
91.157923,62.985503,52.343419,28.69733555,76.11852675,6.039634077,127.4332037,chilli
109.617567,57.140879,52.695313,27.92757764,74.61098084,5.723424476,117.9495163,chilli
95.013675,58.608437,47.254534,27.62291695,73.78166893,6.017415885,108.373801,chilli
92.772409,61.085743,48.006405,28.90260502,75.67580917,6.109217187,130.1569847,chilli
98.451446,58.27654,52.179256,28.42799139,74.43800907,6.250462434,118.471841,chilli
100.163868,60.063668,47.663515,28.06517173,79.19028053,6.080094297,120.2236567,chilli
99.191164,60.992601,51.874417,28.51176062,74.00440541,6.058460687,123.4555661,chilli
94.964025,60.504692,44.59674,28.40532832,76.98102916,6.134558303,117.1556627,chilli
101.545234,64.271862,53.534424,27.97549493,75.41795889,6.199964006,109.1942255,chilli
98.384621,64.006711,52.438001,28.31018157,70.48250278,5.991016158,115.7526091,chilli
101.655195,57.57196,47.435692,26.26551317,78.66541405,5.928041308,121.1314496,chilli
99.988809,56.797698,46.852338,27.15553529,72.83049468,6.065989124,114.2708328,chilli
108.732453,63.081453,52.020899,27.89948652,79.54284221,5.960758986,119.7749178,chilli
100.849873,62.105469,51.59227,27.60089477,73.40101884,6.115182532,125.1497034,chilli
98.033244,55.238436,49.48171,28.52376167,80.41625054,5.784367567,116.928687,chilli
98.052982,64.067416,49.912646,27.23784569,76.67608585,5.927165066,111.1844116,chilli
95.536133,65.202126,50.960523,28.09051845,74.25031879,6.052586792,122.0176988,chilli
101.460844,60.344535,52.171996,28.01940765,72.06618349,5.88976388,105.7510654,chilli
110.134086,62.588264,47.924824,27.76325033,73.08937058,6.277658498,109.7768844,chilli
100.57238,59.674416,52.067097,27.91263225,69.72537337,5.95479879,113.000432,chilli
100.397898,64.302531,45.651437,27.3278129,73.34192114,5.931306403,125.3289048,chilli
99.132278,61.247408,48.435567,28.19313645,77.33339289,5.868186081,125.6257785,chilli
100.261864,63.136381,49.49645,28.32024551,74.8781813,5.982681793,121.8642991,chilli
102.684037,56.251305,53.584084,26.43788305,72.94556367,5.983031567,122.968963,chilli
107.880863,54.425126,48.730765,26.21345987,75.09486592,6.048903045,131.4537293,chilli
100.603174,63.132075,51.459593,27.63439151,70.77311776,6.049500414,109.2568655,chilli
106.476035,59.513814,52.987944,27.59661988,75.80655236,6.037682794,119.6756824,chilli
97.836702,61.177368,47.684592,26.98407432,78.72848068,6.130890238,120.4744196,chilli
108.325712,59.196703,53.306758,28.14748223,71.92574775,6.332647235,127.1331181,chilli
99.394895,62.181514,48.990741,28.69648519,67.8267643,5.81643576,127.0506702,chilli
98.751722,60.622627,46.633036,29.55220828,78.57158893,5.963876661,117.0861898,chilli
105.148022,65.947411,52.384401,29.82431424,72.23294601,5.852510371,111.439624,chilli
102.208803,60.526811,49.620122,28.67977725,78.69698582,5.725380766,115.7018014,chilli
104.100718,58.596784,48.004485,28.85557144,71.13149979,5.945715635,122.366237,chilli
97.1309,62.349467,48.577808,29.18324037,74.62276111,6.120828625,125.3713725,chilli
96.8623,53.83954,50.901889,28.06072221,76.66747808,5.959225055,116.9009206,chilli
110.042365,55.582938,51.834876,27.51733444,73.99266415,5.94292149,114.2152732,chilli
102.856121,64.171931,51.175034,28.08684088,72.0406785,6.093028548,135.5257173,chilli
98.096527,58.872049,48.597277,27.58889204,66.76410134,6.072906369,113.9120243,chilli
91.948684,62.25957,47.294956,27.71551799,79.39932717,5.746341156,108.9652927,chilli
101.346531,63.448462,46.064146,28.34245938,76.74299862,5.629351113,125.7492096,chilli
104.383029,59.064643,53.130866,28.95462268,75.30935378,5.91873983,112.9956392,chilli
99.812182,61.709277,49.189558,26.15409916,78.80614168,6.03424018,117.2667036,chilli
104.285792,64.573916,42.995221,28.36478147,70.72005237,6.089839891,120.9210759,chilli
103.178633,58.502257,45.3169,27.62169072,76.22054291,6.182770619,111.5628146,chilli
105.135302,58.056383,50.906125,27.57168908,75.54651188,6.160537974,111.1654986,chilli
96.600471,60.554888,56.003959,27.27492064,81.12040166,6.360796195,119.2993597,chilli
98.509237,57.923804,49.829494,26.81835568,74.77128295,6.269438449,115.6001876,chilli
98.796378,54.896579,50.935155,28.22216462,75.19110708,5.960971131,117.892143,chilli
102.509501,59.91355,50.78743,28.18058557,78.37028186,6.121858938,121.3886053,chilli
107.59211,61.260806,53.262407,28.50983179,69.47424276,6.234870257,120.9732689,chilli
99.740226,60.844045,49.137542,28.19070424,73.2243718,6.229369007,119.1821656,chilli
98.087081,57.225223,50.671939,28.15716996,76.16527384,5.81509466,108.4714954,chilli
103.127957,64.453926,47.434116,29.33513068,75.85173318,5.998728677,117.1376494,chilli
93.07741,62.963186,48.060984,27.34496239,77.97577893,5.66106298,109.0300958,chilli
99.909329,60.879853,51.211837,27.74648927,82.59110901,5.958979339,118.3383397,chilli
96.015067,60.37172,51.537403,29.01100557,70.53214721,5.955720839,123.216266,chilli
102.935288,60.019646,51.35606,27.32047033,79.6737163,6.178673059,110.3165199,chilli
94.624485,56.859235,51.694925,26.92082868,74.006927,6.081846791,119.5236053,chilli
101.294438,56.802592,51.487136,27.48490201,74.02614098,6.042791711,120.7421632,chilli
100.1199,57.74812,49.251126,28.00183422,70.8747443,5.916744066,122.7912951,chilli
93.612817,63.469745,53.174033,26.95407352,79.0728589,5.974155314,123.0133048,chilli
97.516745,62.769134,51.015235,27.31611126,71.504394,5.737145562,121.3531808,chilli
102.862357,61.952897,49.705047,27.02812298,72.95377561,6.207422755,116.5106743,chilli
100.717088,56.773049,50.841458,27.61554497,78.14013814,6.139240387,116.4309172,chilli
99.36668,58.346651,46.451417,27.27974836,75.59465198,6.05854671,121.0695449,chilli
98.491335,62.7992,50.158855,28.59073322,69.6786746,5.293967955,122.0432738,chilli
92.876172,59.362645,49.244757,29.33341651,76.19998966,6.029854625,126.0263363,chilli
101.842488,58.626969,52.67869,27.06780989,75.96974156,5.721437437,121.4683958,chilli
100.964948,65.029365,46.087565,27.49525477,77.46804728,6.060357106,121.2981964,chilli
95.219321,58.227545,53.112603,27.95673228,76.12607909,5.979266101,111.4817843,chilli
62.801431,41.006465,33.458455,29.08597676,82.63223335,6.244248927,181.6993429,okra
62.92952,35.85573,29.692601,29.49311124,77.75373665,6.575116467,192.1034056,okra
59.600164,40.410973,30.171463,30.00162316,76.51410356,6.716146697,183.18811,okra
61.184644,38.386981,29.311169,29.84147922,75.09080098,6.170833307,173.5119223,okra
61.567562,38.693725,28.471792,29.26678291,78.54290425,6.430997502,203.3876317,okra
63.163862,42.049548,31.752871,29.10106122,76.08843323,6.284160293,194.4126662,okra
58.358425,37.497288,29.353506,29.78525502,80.85892248,6.548935449,171.0556499,okra
62.056969,38.721613,29.765585,30.61809666,77.94617151,6.388976472,186.3900149,okra
57.4268,39.230416,30.833613,31.8486832,81.93729442,6.592164754,185.7326571,okra
56.780429,40.231193,29.95535,30.28942609,80.37282577,6.574041437,176.6361543,okra
60.175827,37.544343,29.520139,31.25175019,81.02018669,6.495920398,200.4781314,okra
55.917495,37.781089,32.569067,30.04136484,79.22373428,6.266155157,184.8351197,okra
61.63338,37.811011,29.789587,29.69803575,80.81912687,6.281746203,193.5210325,okra
62.747471,39.273649,29.675372,29.87722006,77.50941263,6.413531263,177.08108,okra
64.838605,41.893237,31.401982,30.33293305,76.42455357,6.491909235,190.4812754,okra
56.225206,41.273106,33.483914,30.95563498,84.52489323,6.542576056,190.453665,okra
57.84644,41.591728,30.981582,30.26092006,84.21122374,6.394936957,177.9797788,okra
60.286386,37.940778,30.340398,28.45296263,83.35025451,6.509094286,174.3743566,okra
57.496879,39.530842,31.03239,30.49296508,77.74227857,6.335022264,187.094506,okra
57.832958,40.11982,30.185632,30.28085592,82.74646538,6.253722227,159.3594793,okra
58.297658,43.603057,33.033261,31.64805942,79.38245962,6.152487559,154.6951777,okra
58.157886,39.603853,31.950938,30.78102491,80.72769625,6.32648027,169.6235808,okra
60.762383,41.394102,30.587822,29.06886184,82.08213641,6.583052639,168.4368028,okra
57.647037,41.376992,29.648239,31.43023257,81.60361368,6.405106918,179.8897795,okra
60.19015,38.543219,28.631118,30.6312509,82.70487455,6.617737387,196.3654354,okra
58.37468,43.348542,28.648618,29.08858299,74.36813158,6.413069914,174.5597988,okra
61.577812,40.487782,28.21054,29.64654639,78.81132153,6.153683462,169.4057753,okra
57.687559,42.86725,30.287176,30.59595188,75.20436641,6.732871824,194.0519023,okra
54.004965,38.589367,30.743648,30.57994961,77.82881686,6.440427605,173.5482845,okra
60.331254,42.394357,28.843437,30.90073845,77.49864937,6.334712694,188.8408219,okra
62.765809,41.70282,28.026304,29.58064412,82.63356349,6.508100659,168.4041173,okra
61.374954,38.570385,32.691787,31.39035732,81.93311176,6.765396307,180.6997466,okra
62.296312,42.955441,30.368248,29.77033155,74.54520973,6.483788962,188.8929704,okra
62.8369,41.00873,29.188051,28.22086059,78.41531169,6.44065275,176.6203672,okra
61.855669,43.971353,30.185294,29.80494139,79.1704902,6.52425503,171.0544274,okra
60.360596,40.901625,30.314529,30.41178774,81.38799235,6.154480147,186.8781977,okra
57.986955,37.808322,28.343322,30.39018745,79.28776023,6.172016087,185.1628084,okra
55.681176,40.279643,30.357748,30.79701937,85.70139132,6.233888116,179.4332824,okra
59.170994,40.867499,30.323503,29.68270838,78.589113,6.282292083,190.6689051,okra
61.377613,41.835536,29.534406,29.40884808,76.54939179,6.569988929,168.7702332,okra
65.545989,37.384715,30.41049,31.41016924,81.91708723,6.534256374,169.5403766,okra
55.854692,41.5401,32.259221,29.60503501,76.35500318,6.020656961,169.4077397,okra
59.659029,43.198246,31.009701,30.27457686,78.71961708,6.386282685,195.1809941,okra
60.602216,35.794799,28.989691,29.22760557,78.25195517,6.609767579,178.8395953,okra
59.769404,42.626946,28.955308,31.67777957,77.85181571,6.517393648,176.9630012,okra
60.370257,40.889184,30.650753,29.3221944,76.40667303,6.988118499,174.7729691,okra
62.097637,36.784717,29.580581,29.88552055,81.51300822,5.969121443,181.7943186,okra
56.550776,40.648691,28.445506,29.23006557,79.12439165,6.294795753,174.864228,okra
56.419873,36.333659,31.526936,28.83355618,79.42822116,6.646813761,173.3586037,okra
57.524502,40.452476,31.676901,28.94761626,79.51952694,6.162163554,175.7534292,okra
60.102614,38.290751,29.314512,28.73259591,80.24665156,6.705860379,168.1508462,okra
58.131985,41.005092,31.818136,28.65612917,79.45988884,6.55521051,178.897791,okra
52.569624,41.00218,32.279005,30.10499558,76.70046063,6.399940187,199.1150611,okra
62.729888,41.280053,30.534619,29.4049766,79.35817222,6.484805067,185.9354026,okra
64.526757,42.236676,27.870923,30.20159547,82.3576427,6.620677764,173.2042754,okra
68.742328,37.445831,28.375217,30.21023557,86.77376978,6.336942004,177.1290537,okra
63.231881,39.964276,29.498094,30.50906961,80.87205757,6.700935563,193.947864,okra
60.921009,40.583465,30.321166,30.4402175,80.17654604,6.499881346,192.9235729,okra
64.548349,36.984894,30.015032,29.38017501,79.00489131,6.578490661,187.2299344,okra
59.663621,36.173319,28.552432,30.8068497,71.23063545,6.731548295,185.6292839,okra
63.948528,39.602862,26.907892,30.38732638,84.07889,6.680320752,172.842932,okra
60.260283,38.934327,28.7711,30.85984971,76.1678966,6.325705796,168.0765232,okra
55.529257,40.292829,31.742255,29.83361092,75.18160704,6.663789185,198.2055789,okra
58.061273,39.042891,30.773491,31.45968637,78.33653073,6.240172293,186.8193209,okra
62.397204,40.012263,29.1628,30.89494086,81.68971521,6.350155074,180.5302231,okra
55.944877,41.371781,29.60665,29.60786025,79.89480165,6.507860001,189.6652447,okra
61.773272,39.687181,31.145502,30.36066353,78.63488116,6.475679959,178.3991928,okra
61.515784,39.265955,29.414386,31.77188158,83.00715354,6.35168287,186.1661627,okra
60.35505,40.783102,30.206012,31.07067838,81.1059851,6.487892704,191.2556582,okra
60.699855,40.242957,30.471034,29.91575188,80.02952638,6.385594555,171.887394,okra
57.004289,37.216033,28.680424,29.84315967,80.32997626,6.44709717,154.5584023,okra
64.723759,42.17296,30.66864,31.71674161,76.87243482,6.868086899,169.575688,okra
60.716214,37.452325,30.022041,30.34754985,79.50499094,6.639206102,181.0693561,okra
58.432756,38.866373,31.216371,29.41163217,82.92928951,6.7384288,161.9778903,okra
63.398779,44.120845,30.378006,30.53917577,83.31841704,6.446280949,181.9686264,okra
56.057401,40.27727,30.747168,30.46454672,83.40935912,6.348913575,174.247847,okra
65.686522,39.699343,30.300051,29.93969096,77.37062136,6.816588196,174.3008248,okra
56.618143,39.098519,26.997441,29.41384128,76.90198849,6.620398583,172.7271262,okra
62.663412,42.796968,31.171763,29.80615054,80.45156639,6.202627937,178.5551828,okra
57.418685,41.388653,33.859129,30.44983947,73.62835152,6.429560112,181.322902,okra
60.262072,38.538374,30.367938,28.88174925,76.97629209,6.62593054,169.0308371,okra
61.614635,37.261072,32.647239,29.30315707,79.28426697,6.564469586,173.8942205,okra
60.430218,41.150713,31.44092,30.71234769,79.45020652,6.471406804,205.3703724,okra
62.849667,38.156353,30.149982,29.69837118,79.56693045,6.260248444,175.5512291,okra
65.434667,41.158153,26.263258,31.09505114,83.48681447,6.429939366,187.7464463,okra
57.421802,39.059489,32.24782,29.75544296,74.01685868,6.487655872,179.1512454,okra
63.595106,40.028673,29.367627,30.94055053,80.38652874,6.353745577,192.4739737,okra
60.580985,40.005852,30.266863,29.03639847,78.31150792,6.500698607,177.8976321,okra
63.817285,40.434812,31.282356,30.00845582,83.38012315,6.577517913,180.1449412,okra
59.960151,38.091123,30.760374,29.96381574,78.39362573,6.715760045,166.4976669,okra
58.732512,42.055437,30.473284,29.95692697,80.80321134,6.534985763,163.6200445,okra
58.952214,43.233043,29.011014,29.71352909,78.26681356,6.483032031,173.7022734,okra
61.460225,40.394627,31.160321,29.05415295,78.91091045,6.455984087,184.9209866,okra
57.620336,41.831308,31.779623,29.11001489,78.42920674,6.396273356,208.429771,okra
58.7103,43.355251,28.100052,29.10931413,77.8028655,6.335090584,177.1066937,okra
57.873665,38.361317,31.737708,31.10141426,83.03774879,6.602179796,181.0016251,okra
58.508908,38.093685,30.544494,28.94373265,76.81945303,6.724818085,200.5270097,okra
61.179885,42.212914,29.631228,28.79609323,81.95894918,6.611011418,180.7740204,okra
59.272874,41.924421,28.5214,29.30359748,76.77405918,6.516569728,168.2507555,okra
57.947273,38.588489,29.609088,28.661363,80.27905597,6.743224212,181.4633068,okra
145.403918,96.002992,93.499808,28.06273611,85.07650132,6.137483959,1464.749645,turmeric
122.292985,92.214018,84.910191,27.19180137,85.00076142,5.982877522,1372.913195,turmeric
136.117068,94.347628,84.922463,29.068886,79.69541919,6.381118346,1462.986561,turmeric
135.982915,81.485849,89.720388,28.19192503,84.70704885,5.898645406,1414.809193,turmeric
142.631055,90.138632,96.933386,27.55775482,83.52169804,6.146806964,1353.932253,turmeric
126.809122,94.938682,84.726297,26.47199715,91.35299244,5.749112823,1516.570746,turmeric
135.466325,77.352173,88.797073,28.37666713,86.2046519,6.162633723,1465.125782,turmeric
139.809405,86.898019,83.652897,26.90990816,80.02882445,6.181725474,1363.688384,turmeric
136.849762,88.803341,89.538081,29.14543013,83.50934695,6.110088281,1503.380702,turmeric
133.973872,100.349861,83.513962,29.08287074,87.23178232,5.913685501,1646.638667,turmeric
122.525257,87.65205,84.56183,28.34615011,81.21558206,6.07795151,1483.220723,turmeric
131.764361,91.748913,88.791203,27.08554673,94.52466816,5.912309907,1300.415183,turmeric
129.315834,84.297255,93.717655,28.27018823,86.35562353,5.933395956,1474.858478,turmeric
132.496215,89.634631,93.759,28.28230335,86.70038362,6.089920603,1579.599819,turmeric
136.945013,91.614816,95.349628,27.44136143,82.09047523,5.786534112,1516.462311,turmeric
122.487307,92.079693,89.508631,28.95309735,82.71548114,5.963402709,1600.9983,turmeric
144.336166,86.939314,90.818016,28.24731194,86.27042158,5.952736381,1615.324506,turmeric
122.244501,88.104914,92.015688,28.38406884,89.5993807,6.215680571,1474.301254,turmeric
143.774131,86.786812,94.188993,29.52083888,89.13080996,6.019038669,1470.139911,turmeric
124.682009,91.397428,84.981522,27.33376688,80.95146428,5.91712938,1497.482753,turmeric
136.846898,87.29772,94.811777,27.82510758,82.32174373,6.040732608,1676.719755,turmeric
137.262334,88.36715,83.126424,27.81569365,85.79875563,5.93023544,1350.115383,turmeric
129.258684,96.545423,96.453005,27.2552231,87.28737308,5.787856899,1626.388465,turmeric
136.655342,94.273387,82.28208,28.56921517,84.97390818,6.153347233,1582.338102,turmeric
135.444047,87.296267,93.508633,27.94947022,82.03253116,5.834372598,1367.055203,turmeric
131.555535,94.962114,90.800234,27.55499513,87.73651019,5.850154208,1508.581525,turmeric
133.787495,93.506088,82.902472,27.28583389,79.42996476,5.95327259,1609.028475,turmeric
131.588231,87.701922,93.92276,28.89758163,84.69885837,6.123248674,1403.074091,turmeric
144.301327,99.669178,92.345471,26.24916144,83.10201711,6.110308558,1462.06653,turmeric
143.58734,92.646708,86.82086,28.02710244,81.96096705,5.967134722,1450.086608,turmeric
142.929642,99.522054,83.559653,26.38449832,84.16641377,5.726685174,1504.159044,turmeric
140.055319,96.723639,90.906276,27.83774961,78.27349128,6.004713327,1506.415853,turmeric
139.312958,86.811804,88.042263,26.75847811,77.20960446,5.800470524,1358.670677,turmeric
137.272808,87.668397,87.577933,27.17309304,74.00927753,6.271495935,1409.975653,turmeric
132.216165,83.452985,94.373687,28.12048031,82.19035803,5.92939867,1651.036193,turmeric
134.507456,89.182199,85.763783,26.40855183,84.45586851,6.05858732,1598.962602,turmeric
119.822648,84.937067,87.386665,27.99707609,84.50688545,5.978096037,1536.728645,turmeric
128.902772,94.203636,91.950536,27.7313409,90.44308717,6.280154886,1583.960582,turmeric
114.624742,97.105253,93.576413,29.68538326,89.20737961,6.284101682,1579.078937,turmeric
144.103679,98.973557,90.974496,26.67932634,83.95463294,6.070190208,1506.739883,turmeric
126.585707,82.660196,86.664768,28.67850123,90.37315522,6.16498217,1595.168456,turmeric
134.454495,82.160629,87.951507,27.78263789,83.31002154,6.009845076,1539.727778,turmeric
140.757853,88.748461,81.433083,27.59438272,85.14861535,6.220105426,1448.897294,turmeric
138.459669,91.305396,90.197552,28.78164799,82.75313993,5.896466439,1498.928926,turmeric
130.679011,92.286055,86.790635,28.19009553,84.65941259,6.038686674,1458.623274,turmeric
132.711154,90.432042,90.909335,27.99647039,90.79823201,5.821667355,1494.221659,turmeric
124.378004,91.674367,84.981391,27.76621939,83.73498129,6.050560403,1450.248817,turmeric
130.981687,96.461354,91.280551,27.52871728,84.14716552,6.296163891,1478.835161,turmeric
130.347383,86.917517,87.528931,27.50062191,80.64919732,5.797643983,1425.361166,turmeric
138.993104,88.284432,89.067772,29.06687394,89.40302431,5.94921751,1443.222284,turmeric
129.165095,93.117491,89.078817,27.67534429,82.23354044,5.861460046,1528.805237,turmeric
126.120792,94.476909,87.597699,27.87430581,80.45427494,5.997774131,1470.451115,turmeric
134.661956,96.62269,90.799641,27.33248629,82.5815123,6.107123613,1616.882396,turmeric
136.902947,93.099207,92.74382,29.19201411,78.37139341,6.120099409,1588.536244,turmeric
125.963615,86.014493,86.171478,27.38781624,83.36216203,6.043668506,1577.910719,turmeric
142.298889,86.229796,86.198837,29.10529035,87.19892938,6.014915672,1542.600301,turmeric
134.798824,92.360631,88.4877,28.22579614,79.86414343,5.876198827,1439.068994,turmeric
132.472867,85.83069,87.599054,26.72789219,86.86558162,5.985147567,1346.531315,turmeric
129.364898,91.514706,87.556401,27.41456917,84.7463849,6.061847556,1370.728279,turmeric
138.713367,86.39868,89.919324,27.97024708,83.2079752,5.815741246,1474.288211,turmeric
145.97098,83.872462,97.615409,27.78183422,85.12026282,5.804392054,1430.585753,turmeric
131.60536,85.294373,89.059869,27.65810665,91.29265588,5.790124647,1509.242147,turmeric
136.672962,85.183558,93.090724,27.66540531,76.52587518,6.11877293,1399.47532,turmeric
127.927519,93.095559,88.437773,28.77092861,89.11456472,5.883912877,1571.393625,turmeric
129.90064,100.049022,86.881693,28.86191345,87.86888609,6.056895808,1439.651116,turmeric
133.978067,80.308853,91.00989,28.29367688,85.45389802,5.464804889,1386.09272,turmeric
129.950386,91.312465,91.302025,27.85701201,87.15983482,5.815276372,1554.921151,turmeric
138.204509,91.698996,89.180818,29.53782481,86.67686534,5.825699545,1522.347493,turmeric
140.079263,87.353511,94.901725,28.32090831,77.03557365,6.053940956,1463.457376,turmeric
138.625964,94.248967,90.878229,29.39881188,84.39239659,6.112467208,1572.444832,turmeric
134.342915,93.504484,87.323972,27.64504253,80.53753845,6.043453641,1529.272651,turmeric
142.960026,93.56013,88.71842,27.01032906,86.47169137,6.199935571,1567.966648,turmeric
142.320223,89.046497,87.900215,27.38100286,84.80995201,5.985853657,1518.600987,turmeric
134.127242,89.398675,86.504877,28.79095997,85.26016141,5.968600092,1432.731367,turmeric
126.009587,95.885839,92.495874,26.63590901,87.59468382,6.166046611,1511.193851,turmeric
145.787249,90.975238,83.624294,28.30674196,85.83265083,5.891406567,1551.620295,turmeric
123.743259,94.457551,86.048452,27.17264525,84.61299577,6.077935127,1514.753166,turmeric
129.987051,87.722598,84.901309,27.81126888,88.65507213,5.999232671,1577.347283,turmeric
144.823959,87.353917,89.16042,29.823802,89.9107676,5.698967185,1534.843348,turmeric
135.00378,93.719039,86.647596,27.29472897,82.70135957,5.897052862,1573.379175,turmeric
127.026892,87.198237,81.949444,28.84597897,89.32150234,5.941126782,1473.184557,turmeric
138.059248,96.635169,91.838748,27.41406477,79.49600326,5.799277273,1506.589751,turmeric
130.576539,90.877355,87.511842,27.111157,80.99809245,6.281223812,1580.008897,turmeric
146.680996,92.429779,88.065039,29.11160637,84.8875688,6.039751519,1496.145806,turmeric
115.108397,97.221308,92.209518,28.27705137,84.78996139,6.029417008,1446.244896,turmeric
139.161911,84.118057,90.837308,28.47172172,84.32452495,6.066756203,1410.779905,turmeric
128.480669,91.065227,93.053473,26.42511285,86.77487016,5.90222373,1482.647452,turmeric
125.958254,86.167722,94.347564,28.02760523,83.69855343,5.979032097,1544.029064,turmeric
137.973338,89.662378,94.918316,28.81518862,86.4054649,6.009830121,1559.158899,turmeric
137.121305,94.7736,94.048026,27.14466672,81.30772522,5.873775082,1587.852482,turmeric
124.359914,91.776408,91.631444,28.97662437,85.61315155,5.75822231,1413.658054,turmeric
127.02153,87.579252,89.176943,27.02102912,90.00025077,5.761449353,1621.149308,turmeric
142.99985,94.042361,86.87805,28.28765874,80.65693815,6.163963266,1493.34137,turmeric
132.237089,84.493148,78.851222,27.12762568,88.78351387,5.927489983,1484.760403,turmeric
139.424992,98.12551,95.962521,27.1832386,78.39526006,6.424730567,1704.209245,turmeric
136.272062,84.282803,94.334519,27.9092937,84.61586418,6.161002592,1530.093727,turmeric
126.995749,88.538661,92.975188,28.42861187,85.89085635,6.168016132,1467.445471,turmeric
136.206021,74.809894,87.976574,28.64167844,83.67265881,5.916079069,1406.269234,turmeric
141.77272,92.468085,93.714366,26.54998027,84.45446985,5.949580019,1474.748546,turmeric
130.841814,88.442531,93.823402,26.39320486,91.04280221,6.087091403,1496.190129,turmeric
156.801256,46.370413,96.676495,27.89829664,75.93281387,6.490933167,154.050492,ginger
145.578158,51.217105,108.386198,28.83624242,71.76540676,6.631720715,155.1976526,ginger
153.799408,52.779883,105.522389,27.89318678,73.8486117,6.42529649,141.6923484,ginger
147.978797,49.809305,91.692095,28.72267935,64.03010278,7.029389303,163.5169122,ginger
148.042435,50.023566,101.514859,27.50510527,72.55474315,6.471920004,149.1515455,ginger
151.360958,46.716181,100.197849,28.13729611,72.37108691,6.457913003,160.24072,ginger
147.347606,50.568315,106.486488,27.93332404,72.61765421,6.481204996,161.1363281,ginger
148.067066,53.208386,99.482061,27.27805383,73.95659473,6.440589772,155.5845081,ginger
129.529467,50.013013,97.701974,27.1068627,70.40666591,6.388127887,149.5681278,ginger
139.745052,50.790684,106.831074,28.23597994,74.32988719,6.713439679,161.1284056,ginger
164.02604,48.751995,96.40758,28.65811114,74.03980671,6.651256683,167.0035421,ginger
150.085274,51.065391,95.098059,29.79366974,71.03075063,6.439897894,146.879251,ginger
145.163281,48.176407,97.381479,26.85273142,69.73828439,6.880047807,156.6208963,ginger
156.944281,52.943022,109.170673,26.51200506,68.45793663,6.343273886,145.7724318,ginger
147.74573,48.882556,101.096545,28.02964813,69.91823579,6.075767988,141.0641817,ginger
145.88071,49.382301,94.351663,27.58772257,68.74275632,6.475465226,140.342178,ginger
143.633215,46.72829,99.232497,27.27218387,74.61153869,6.579140802,149.3713332,ginger
144.018859,50.951301,103.453504,28.11985827,76.61866134,6.589629277,158.222465,ginger
151.001741,51.689161,96.016094,27.61494537,73.00616703,6.566709399,154.5685064,ginger
158.252947,46.437572,95.127737,28.19284102,69.91383274,7.158664807,154.6414766,ginger
149.412519,48.711327,97.599189,28.02531816,72.32250797,6.410943667,147.5416298,ginger
160.082134,53.461262,101.26017,26.87334183,73.55088909,6.803085076,162.3280299,ginger
155.508194,53.556057,100.266921,28.52760649,70.03936637,6.556991764,161.9658082,ginger
145.579324,47.846391,100.487445,27.80960375,73.86954544,6.411614392,165.4659565,ginger
140.327429,53.134337,96.175754,26.4913745,72.68508045,6.450351443,140.0135157,ginger
137.389673,49.979098,104.879184,28.49136093,72.16331515,6.593375277,149.7550728,ginger
139.277068,46.447765,98.984157,27.86505124,74.45083011,6.647674324,155.4461971,ginger
147.89788,46.54837,102.060356,28.44114222,65.12102939,6.337304054,143.7805106,ginger
150.887627,47.991599,99.809327,27.82315065,71.54164952,6.360303113,144.2491345,ginger
141.897997,50.950169,102.855513,27.35268092,76.37944348,6.438652718,163.7716706,ginger
145.184046,44.933556,102.010989,28.20877789,72.09905413,6.374764667,149.68885,ginger
146.165554,49.244126,104.208161,28.15474247,73.75666,6.454785641,146.9218439,ginger
141.348881,49.074908,83.394427,27.50421355,71.76420237,6.609916363,147.5818991,ginger
152.607552,44.550528,99.715816,26.58921765,68.52008587,6.463502718,161.4863759,ginger
152.784051,50.045577,99.902348,27.40055173,70.43332777,6.583338329,137.5317553,ginger
154.447905,49.028732,104.127785,28.8073185,67.18151804,6.386591751,142.3002508,ginger
136.40454,47.418667,112.206279,28.51198831,77.52178935,6.661674196,143.3234116,ginger
147.136716,51.47109,102.187531,27.51503271,67.65121967,7.141113432,148.7296529,ginger
147.556958,50.283336,98.786357,28.10309228,75.70640818,6.475713046,139.535606,ginger
148.787672,48.838996,107.119495,28.98374001,72.309672,6.250646508,138.9669696,ginger
150.113424,50.840807,98.126886,27.59665755,70.29273821,6.495438178,128.5551388,ginger
141.74005,48.432373,106.037516,27.31639654,72.51974825,6.544175836,161.6812486,ginger
159.469331,49.856243,97.622576,27.44238019,71.30573792,6.415363496,154.9826467,ginger
153.152324,51.479503,106.296419,29.56481006,72.35903057,6.714395435,146.8350583,ginger
158.887552,52.653773,105.04208,28.07901867,70.07512849,6.228066955,149.6396651,ginger
161.497594,49.225388,103.925633,28.70891918,71.18298368,6.756687243,123.8220533,ginger
140.829373,47.710919,95.901425,28.28246088,72.83530887,6.576828162,155.3647334,ginger
142.874216,46.95456,101.981598,27.47060506,67.47703187,6.689412135,162.5559172,ginger
161.678707,50.467519,103.12966,29.15068931,70.15272252,6.716582148,152.4785661,ginger
156.852837,50.465233,106.481284,28.18775996,67.72614031,6.783125693,141.4722233,ginger
159.397937,49.774393,105.880055,28.95320564,73.23881177,6.599164387,153.8036576,ginger
134.896314,50.295826,94.419679,28.1437972,68.70832547,6.268934371,164.4444105,ginger
158.020855,49.989644,100.923843,27.79175054,73.64124396,6.368169399,158.9436624,ginger
148.101849,48.950383,100.108565,27.50343666,72.94660517,6.395214295,154.2167124,ginger
159.120049,48.201696,99.347123,28.3875178,70.74473082,6.590542509,154.9985897,ginger
158.124463,48.485025,95.286124,27.74163499,69.21287326,6.61007715,139.5442383,ginger
167.497623,53.23982,100.062879,28.72861137,67.28601063,6.9920578,144.6880685,ginger
149.096269,45.360167,102.431437,27.07067091,72.29276859,6.393866486,140.3003046,ginger
143.967289,50.56447,93.592545,27.3709982,73.91022734,7.007483576,154.2982994,ginger
143.120538,49.082215,100.157945,27.70648304,74.60080752,6.542407329,158.1706715,ginger
147.641672,53.313751,99.167572,27.18420051,78.2706827,6.144129339,143.3513515,ginger
145.297291,56.270766,109.034294,29.25489964,71.04770305,6.973104711,153.315168,ginger
157.329475,50.449238,99.752667,27.78850591,71.39623682,6.618655871,153.3047982,ginger
149.763965,53.77381,85.166235,28.42830529,74.06708748,6.723657759,149.416157,ginger
151.559401,52.464871,107.455832,27.74754977,72.76889026,6.827321923,130.8837563,ginger
144.824906,53.66459,105.462689,28.43885398,70.70804101,6.328045393,144.6790594,ginger
161.610062,48.428893,100.507115,27.36688558,74.42718921,6.394948375,149.121655,ginger
137.374634,45.966579,100.038366,26.88686799,78.06264952,6.098002993,142.7984223,ginger
150.125257,49.087168,94.479273,27.19534061,69.14691626,6.44408927,167.5673618,ginger
150.58453,52.957251,102.534882,28.93564441,63.93610281,6.440630686,161.7642188,ginger
145.711981,54.406183,107.419451,27.6059302,70.55088907,6.302346861,144.3336519,ginger
140.755582,51.072028,92.719768,28.50713573,73.80886665,6.176065141,163.9483675,ginger
153.85207,51.874245,96.206674,28.52279846,75.24401314,6.480771362,168.0173021,ginger
150.330485,52.851965,101.465044,28.49183809,67.18656307,6.572355479,143.3852241,ginger
143.652013,54.360258,98.931149,27.15722646,70.96570091,6.246412205,162.9049602,ginger
144.782394,51.32325,106.780534,27.57987175,73.5322246,6.299133219,172.0119261,ginger
157.022851,49.518484,96.135831,27.9042429,71.02084688,6.880824188,138.9701875,ginger
151.011011,49.954155,99.412948,27.90876201,71.66571607,6.670247883,155.48086,ginger
153.141837,42.415027,101.498974,26.60926294,73.86140207,6.787526987,141.663848,ginger
148.036645,48.501611,106.177159,28.07982342,76.97758862,6.58068207,152.1820516,ginger
150.511551,52.04498,91.311569,28.07168892,71.79826624,6.641456671,148.3106855,ginger
142.209492,50.018377,94.585797,26.38277974,74.09411275,6.612917007,154.2038185,ginger
159.771963,48.33742,92.844429,27.94117499,70.99919914,6.335752335,149.2813576,ginger
145.412961,45.409987,97.794117,27.04544486,72.66714645,6.372073222,160.0046833,ginger
162.028996,51.698453,92.244869,29.26436464,76.5380749,6.50366415,161.9063354,ginger
145.862436,45.334385,96.198578,29.45261273,67.70568982,6.49990665,150.307295,ginger
146.152693,48.891196,100.361246,27.52778363,67.90447153,6.541931229,159.6602992,ginger
156.521794,47.975661,93.74386,27.76128218,76.51523955,6.625891625,156.3356821,ginger
156.673927,51.051916,100.603043,28.55633779,70.42704162,6.224179713,156.5069724,ginger
159.283036,47.20442,104.109607,29.4118432,71.99353094,6.340489574,151.1071681,ginger
145.870995,48.458175,102.16592,26.65286724,67.8414847,6.503761722,149.7992231,ginger
152.576659,54.688063,100.52257,28.50246461,69.19046515,6.649747844,145.2624822,ginger
150.535656,49.727878,105.164871,26.89961969,65.42427273,6.458380624,154.2167813,ginger
151.14202,53.080511,102.186863,27.5263674,65.30278996,6.453724114,159.251631,ginger
147.059642,50.070801,102.106801,27.14715441,73.79491938,6.819238749,148.4446798,ginger
141.532017,49.833497,88.878079,28.28299874,73.30255021,6.826749077,148.2540469,ginger
153.06364,47.84678,98.217864,26.71884423,71.43900589,6.440464715,152.6927979,ginger
145.323023,50.208363,98.3331,27.72154051,72.2314435,6.507901974,156.8505664,ginger
149.095177,49.125287,99.095963,27.39968214,70.96345605,6.896075949,141.7858912,ginger
147.910077,49.031278,98.764142,27.72175898,72.80421149,6.166515855,159.3345433,ginger
82.530331,46.892821,44.327307,21.35513238,64.3690672,7.00315692,103.2595418,garlic
72.769641,48.275861,49.866969,22.16743115,61.58165296,6.473676906,95.6941652,garlic
75.584966,50.648989,51.934693,22.55508724,66.49340451,6.403012941,104.2872986,garlic
81.236218,50.334855,48.470767,21.67206176,65.19210603,6.975775521,101.8074549,garlic
77.555246,47.919026,48.770583,23.43701368,63.96193272,6.676839754,97.7444305,garlic
81.044738,51.979363,48.570243,21.57686631,69.31306121,6.691995615,104.7440339,garlic
83.149105,51.148939,55.04444,22.02897948,66.50088215,6.217071979,95.0502359,garlic
75.196724,53.185159,43.61865,21.73447538,57.21636283,6.33789886,97.0543063,garlic
85.539484,50.99157,47.917146,22.70353606,65.04636386,6.507325537,92.783971,garlic
76.039945,47.937257,50.116153,22.05140458,69.01464093,6.575085758,83.7546058,garlic
81.050568,46.374959,47.585073,21.46396815,63.27532036,6.231845869,101.220892,garlic
74.356791,50.891669,55.592428,21.12262302,64.26027321,6.007925814,98.1943882,garlic
82.570869,51.801598,50.193409,22.58691386,71.61974179,6.833899414,96.8648744,garlic
74.195584,48.984621,47.632543,22.29788938,61.9288968,6.485799626,105.0280843,garlic
79.597217,47.634215,52.937035,20.75987258,64.14773285,6.491876295,100.095452,garlic
80.721984,51.5261,49.911481,21.75708153,63.9402677,6.380754419,104.7252599,garlic
77.413886,52.116928,50.047498,21.65597183,66.60785876,6.358146485,103.8291042,garlic
80.850904,48.509188,51.321587,22.36074922,68.00955098,6.688398667,102.9476441,garlic
75.489636,56.121467,46.490959,22.6265137,66.12133792,6.271042237,99.2541944,garlic
79.684988,53.263957,48.216723,21.8271163,58.92621903,6.838278745,93.5771905,garlic
81.307643,49.74648,49.754998,22.53450891,69.3452824,6.549041266,103.9304681,garlic
81.315566,52.543829,48.842709,22.70975777,67.88729965,6.711094717,96.0391128,garlic
79.326649,50.598667,46.572895,23.05264734,64.96808101,6.555365938,96.5379734,garlic
74.69249,48.489925,50.54801,22.44446302,65.42065801,6.567611183,97.9778418,garlic
81.984994,53.707082,51.761974,22.53429765,65.76444264,6.206884761,93.7320008,garlic
81.819503,49.972652,51.099607,23.10643946,66.8876936,6.74548281,100.5680883,garlic
76.771137,49.855335,47.98812,23.02847467,67.0550168,6.601499937,107.4156592,garlic
71.919774,51.470345,46.723386,21.99521124,64.18956026,6.629038639,101.3691237,garlic
85.380469,48.495257,51.772786,22.10706732,60.7482453,6.320869791,99.1007318,garlic
84.44917,51.159308,47.081248,21.90739129,70.24629677,6.52168855,98.0360465,garlic
81.966959,51.908483,48.859579,22.33169935,64.14488731,6.640268882,101.0181589,garlic
81.927871,48.102041,47.946784,22.62402822,64.79356941,6.555581775,98.1616274,garlic
83.594907,48.480475,49.660997,22.51875526,68.04971602,6.397866938,111.7581039,garlic
81.252967,47.392679,50.92263,21.74722052,66.12857807,6.491643032,100.4456421,garlic
76.353626,52.475153,47.109682,21.26821517,65.95513691,6.812554628,97.8844414,garlic
82.803889,52.68335,52.036711,21.79460253,62.16327854,6.069528225,98.422957,garlic
84.712349,47.189585,51.750525,21.37289933,65.2757887,6.638019365,96.0430274,garlic
80.681939,48.962272,51.762872,22.15530933,65.14691995,6.803878242,103.9738369,garlic
77.238593,49.78534,49.810253,22.05301092,71.56372412,6.572316119,87.7845846,garlic
77.828804,45.16907,49.175504,20.68837525,62.73386478,6.203459302,102.3049611,garlic
80.002157,50.757406,49.738622,21.07976348,66.33515556,6.874833789,102.4552755,garlic
78.296302,46.429832,47.729833,22.29900617,67.79010687,6.550868904,104.7993237,garlic
82.830713,51.266336,48.353816,22.11478952,62.79421771,6.503398646,101.9851812,garlic
86.715135,46.72567,51.203769,22.97761615,66.97300419,6.662424361,103.5261694,garlic
85.193338,47.281305,46.535183,21.99581947,59.38097853,6.739975932,107.3242912,garlic
78.266598,49.073074,49.819131,22.03433363,65.33065219,6.608855261,98.9642419,garlic
83.772773,51.114869,48.482591,22.88117436,61.46853184,6.482027667,105.8015044,garlic
77.107708,50.773889,51.358349,21.43205425,64.81155793,6.469481753,96.6895729,garlic
89.206699,48.092234,52.512326,21.74075133,62.17474591,6.520048777,103.8945603,garlic
83.682038,53.905663,57.363116,22.16533937,63.27596035,6.588310494,98.4027223,garlic
83.703865,46.757089,55.920836,22.56499174,60.62158955,6.361739364,104.8964863,garlic
84.705376,46.819406,51.782565,20.71475568,64.76772675,6.716849134,96.6909056,garlic
73.972311,50.365537,48.488203,22.41550852,62.69815128,6.349335807,87.8739861,garlic
80.679779,49.597738,47.029038,22.12790715,67.67038278,6.457964251,101.6090017,garlic
81.093245,46.989175,55.141465,21.68923911,66.70590212,6.649996979,99.1624292,garlic
82.42718,50.614548,46.455901,21.78070002,63.40736765,6.409959717,92.1759809,garlic
84.505735,54.004982,52.445007,22.83854929,64.10394942,6.375929917,95.3284777,garlic
82.57626,50.567658,49.806946,22.85479804,66.05284752,6.336461761,95.914547,garlic
82.727973,52.604332,51.379201,23.25194657,69.25101863,6.586001988,94.968516,garlic
74.76005,49.031546,51.883034,23.20558707,66.08536229,6.727900945,98.5281551,garlic
82.491077,52.058392,45.051014,21.72713039,67.469221,6.553521325,92.8209097,garlic
70.27951,49.085548,49.821036,21.41661085,65.37202084,6.598745416,104.024123,garlic
70.576324,46.714287,49.238443,22.37763427,66.27200844,6.59201464,97.6994923,garlic
78.689466,48.179177,51.920485,21.3924774,67.21009463,6.540531381,99.7297331,garlic
77.373158,46.611145,48.380868,21.78219547,58.84053679,6.461515745,105.5461442,garlic
82.268872,48.759485,50.117341,21.63293138,65.38677791,6.800321026,105.8109928,garlic
82.083177,48.767788,51.874846,20.88666121,64.34388095,6.613823727,104.4425273,garlic
82.679538,50.737077,49.510688,22.35506414,62.52256129,6.335287934,100.3704081,garlic
80.692791,45.435962,51.137866,22.51000073,64.79905838,6.963020925,95.9023894,garlic
78.555651,49.012333,49.809531,21.78304162,61.34229258,6.393423082,99.4142758,garlic
84.914288,55.505608,53.338685,21.48824984,63.19089501,6.468930927,110.7073533,garlic
79.338304,46.681231,48.747057,22.49965696,66.79384472,6.46095775,104.100488,garlic
70.907311,50.259573,52.151714,21.45031024,62.82551981,6.13604261,109.5393736,garlic
77.119384,50.602608,51.509793,22.99796485,64.59986579,6.39481119,101.0384059,garlic
85.136321,49.574569,47.612827,20.98309985,61.8246268,6.668556342,98.0762531,garlic
77.569916,48.210082,50.212615,21.84195964,64.28985643,6.763118166,109.2280977,garlic
73.559913,50.818982,48.057845,21.83615426,65.8041238,6.458519616,101.3827593,garlic
82.691881,50.736442,48.382909,21.58472826,61.25676623,6.333485542,111.7724102,garlic
76.831986,47.016553,50.79982,21.92715926,64.49145758,6.774763963,103.2947601,garlic
77.880028,48.93881,48.743534,22.57732815,64.19881616,6.150335067,99.7100819,garlic
73.851896,55.460577,47.58583,21.89316925,65.67132711,6.443711659,98.2598176,garlic
81.687309,53.81554,51.918773,22.97581916,62.27879032,6.561885713,100.9314763,garlic
81.404365,53.44058,49.448027,21.73236778,66.38835007,6.153250468,98.5788877,garlic
79.463209,47.699103,52.642648,21.29892139,64.64673007,6.557165659,108.1207094,garlic
79.957774,52.340384,51.751488,22.08148199,62.16726514,6.220256732,100.6390324,garlic
77.829213,52.298153,51.864641,21.87815674,61.9899464,6.599593432,93.8923033,garlic
76.966144,47.551461,49.653747,22.77232694,64.98689374,6.413572355,90.8463104,garlic
82.208498,48.048988,50.293794,21.76621571,67.17926077,6.469338904,99.6464419,garlic
81.942989,55.26735,52.221117,21.94151997,65.00831478,6.397652405,94.3000258,garlic
77.788997,48.069628,51.633421,21.29301139,68.46634746,6.646649045,100.1230104,garlic
80.001274,48.606797,50.675211,22.71814103,63.1717932,6.200988543,104.2193095,garlic
81.297464,47.199503,48.166522,21.43299118,63.1162161,6.436881863,98.4007162,garlic
77.396825,48.10459,49.428039,22.11067641,64.17762901,6.72594007,103.0485263,garlic
73.636617,51.309319,51.51386,21.71307492,61.11248627,6.501573018,99.9537481,garlic
75.513415,46.371952,49.781116,21.84616905,63.91511005,6.483734907,93.3833418,garlic
78.260718,51.333313,49.125075,20.89649817,63.77100008,6.2913191,101.6028178,garlic
81.27535,45.853063,51.897532,21.26595704,69.05387396,6.490488628,92.521639,garlic
75.432056,50.870238,49.02175,21.93620842,69.19322861,6.363647407,100.3597771,garlic
85.679378,50.676284,45.983493,22.33355675,61.97619257,6.774327468,95.0627944,garlic
91.878038,53.66844,48.008469,22.01320911,66.95947513,6.652813792,102.6540176,garlic
63.756477,39.754062,78.533129,27.70863425,82.74679434,5.560254872,203.495404,rubber
62.385703,35.897895,81.240275,28.18359787,85.34018586,5.247782983,218.6862396,rubber
60.226227,40.977979,86.703675,28.47103947,81.28117853,5.539978046,194.1982624,rubber
59.914533,38.568974,79.821732,26.03781821,81.37292662,5.479913353,195.9655552,rubber
60.659274,37.132872,87.71708,27.91367533,79.53329781,5.340709625,200.2873566,rubber
64.16088,42.071832,83.417751,28.45897512,78.85266391,5.260723077,197.5875347,rubber
59.292386,42.097589,81.237562,29.35434168,83.83196333,5.424678224,178.4584496,rubber
64.156726,42.71877,74.535154,29.26776162,81.22277495,5.526513107,219.3773991,rubber
64.034056,41.302662,81.892868,28.5177712,78.71981621,5.490908261,189.1721941,rubber
59.000881,39.266732,77.458779,28.11486706,78.96326128,5.582868729,180.5321526,rubber
59.659936,40.263103,78.757483,27.85519013,74.92721277,5.558818722,207.7712718,rubber
61.480612,42.077454,80.806118,28.40209219,80.49949036,5.613445869,181.0732444,rubber
57.319257,43.173799,70.158257,27.88225054,83.75127987,5.48461199,195.1398671,rubber
60.388265,39.29376,80.123398,27.42595993,83.54775814,5.734838712,198.3993161,rubber
55.840532,38.952314,79.264045,28.42465266,76.77435769,5.373088217,206.1281137,rubber
62.816726,38.756812,74.667132,30.75865929,82.50657356,5.455944379,210.4283753,rubber
59.62663,41.734314,80.637573,28.07666839,79.63653802,5.26118208,223.2571388,rubber
57.175398,37.279953,79.14856,27.19236368,79.83451907,5.613481035,211.9436348,rubber
62.444192,39.388736,80.198367,28.3426184,74.37508024,5.594146476,182.5124085,rubber
66.12104,39.19097,79.260499,27.35344604,77.9840959,5.875225439,211.2844363,rubber
55.352393,43.008426,84.772969,27.76378153,80.98143021,5.497534227,223.6709589,rubber
57.611129,40.292021,78.287419,26.79624606,87.01324242,5.305041514,202.6415502,rubber
54.777898,39.201859,81.687875,27.30722346,81.87776592,5.45560822,213.9209901,rubber
64.085283,38.82651,80.306931,28.15410155,81.98191775,5.502373029,202.2825315,rubber
59.269781,40.23048,85.191761,28.54270992,82.24401805,5.619306603,198.1542947,rubber
60.956481,37.829653,85.075231,25.66231324,79.72112514,5.688247836,183.6335848,rubber
61.19934,38.638467,78.524787,28.79459041,80.63378216,5.164331282,188.2828935,rubber
62.926007,40.897885,86.992542,29.41342398,78.90481558,5.913034238,200.293756,rubber
57.111994,38.73272,70.9731,29.34989597,85.10323836,5.332441273,197.2653885,rubber
60.286823,38.079294,72.979592,27.82329961,78.97254583,5.435912145,202.6725928,rubber
64.288559,39.393815,80.681772,28.61057124,81.77325736,5.398620118,201.1565255,rubber
61.642619,37.743297,85.054156,29.20253468,77.68710318,5.531955553,207.7073391,rubber
58.363158,40.963228,80.653023,26.76694873,81.46931621,5.318476501,211.2704342,rubber
57.986367,39.677429,85.489116,28.41696058,76.54568346,5.332538766,192.8083665,rubber
61.183932,40.7166,76.627591,27.01954403,80.9010669,5.469993089,225.8865906,rubber
60.109811,43.628506,75.318466,26.67850113,76.41572758,5.696206414,221.0732191,rubber
57.653462,39.078868,75.324076,26.47822253,82.29891743,5.53679835,200.1258558,rubber
55.79983,43.279913,77.986573,28.4482462,75.3454035,5.468563344,203.4964935,rubber
60.981226,40.309297,81.97809,27.05036282,80.63159234,5.518770018,202.7800722,rubber
60.217036,37.453574,74.728801,26.14001472,82.61611043,5.636563489,210.1226035,rubber
60.92037,35.733762,75.893158,28.14314895,80.43365761,5.463246545,204.4270064,rubber
60.034955,40.241541,77.443739,28.82488923,78.62153085,5.280442901,190.7480118,rubber
58.954601,41.988006,79.830928,27.8436355,76.00427704,5.629604627,192.1765742,rubber
59.699916,42.960366,82.035053,26.6322666,74.33756724,5.489388776,185.4471126,rubber
61.94564,40.084526,80.661539,27.40633573,85.5724277,5.969027965,196.6569833,rubber
61.059118,40.194835,78.961253,27.30106081,76.52810244,5.312626451,204.8628803,rubber
58.440977,34.843414,81.779433,27.96786052,84.3093536,5.561565196,182.2559168,rubber
53.31097,38.561055,77.49957,28.79225373,79.97161302,5.687058602,184.1020033,rubber
62.895793,41.441978,71.927064,29.11099899,80.29906717,5.564687343,189.6212467,rubber
63.825741,37.628295,83.328368,28.68931028,76.88266423,5.827256644,202.7783418,rubber
61.961678,36.945758,88.47092,26.97137217,83.27963658,5.335862667,192.5721344,rubber
62.366262,42.055105,74.914863,28.91599662,83.34393758,5.345237688,219.1837711,rubber
55.629427,38.750455,81.91601,27.28300432,80.84422107,5.539777553,197.7551088,rubber
62.497202,39.543278,80.926164,28.96303638,82.53019587,5.629692853,186.2098448,rubber
61.574378,38.243002,74.87434,27.93976667,77.1062554,5.630451924,209.7744255,rubber
54.292121,38.343395,74.160853,27.61139141,81.45656214,5.460022464,192.9228891,rubber
63.90053,35.390286,84.947488,27.54279783,79.75005117,5.412985049,218.5146573,rubber
56.307065,40.023473,82.109755,26.64675767,77.05632585,5.475550542,189.3600196,rubber
57.553225,39.300275,82.598325,27.71211707,83.45096382,5.335369966,184.9769329,rubber
65.779036,38.684084,74.756352,26.53667469,83.44033105,5.443684755,196.9554832,rubber
59.522395,42.025886,79.281881,29.96900517,80.42803384,5.675194487,209.6628783,rubber
59.890658,38.826058,81.327856,28.42848293,78.16772465,5.527445913,214.8344597,rubber
66.209843,41.708739,87.451039,27.47132566,82.24602321,5.720855719,189.244,rubber
58.54323,43.47581,76.099605,26.87345077,84.88954104,5.697465932,205.1854429,rubber
59.862868,39.122951,81.127795,29.32703784,80.7634116,5.857548279,189.2246962,rubber
59.940958,39.253883,75.659434,27.87140966,81.33545377,5.58649798,226.0454261,rubber
61.393402,42.300274,80.264377,29.4095667,87.67503771,5.587629047,188.0880918,rubber
58.353585,40.563869,81.825992,28.58667711,81.47263258,5.501152511,192.3656187,rubber
61.203415,43.709975,84.079714,28.44915132,83.29461416,5.438774435,193.9008182,rubber
57.756645,39.749427,78.311976,29.01495078,78.47896506,5.367550917,223.3109261,rubber
58.645874,40.307057,81.805291,27.04517778,83.95354806,5.605124642,218.7006081,rubber
57.962334,40.198252,80.157423,28.22166634,75.3452328,5.518288002,182.8824331,rubber
61.075002,35.742702,72.593653,28.68758092,78.25011694,5.337003418,215.2501475,rubber
60.982879,41.74418,79.335032,30.2508881,78.06555565,5.787841766,199.2636075,rubber
55.036469,40.965697,81.25905,27.11688968,77.04889831,5.495924889,204.1969738,rubber
52.58801,42.106243,78.022008,26.88133211,83.01141296,5.496103033,214.5939893,rubber
61.313857,39.996971,79.38908,28.40547872,78.67669997,5.359325523,207.3189095,rubber
59.566536,40.067135,84.357519,27.90434365,80.04810856,5.401057831,205.1688792,rubber
61.049484,41.80155,77.683485,27.61543375,82.53483968,5.541615146,189.1253825,rubber
63.919662,36.603099,83.137139,26.93722189,86.03452325,5.245141045,213.8270078,rubber
59.755097,39.266795,80.741587,28.53079628,77.10591839,5.365395025,207.7952584,rubber
54.877971,38.831542,92.162748,27.18686911,83.67296893,5.403318123,206.1085417,rubber
61.963067,42.257913,79.198985,29.6706631,78.11412299,5.538646368,202.9433232,rubber
56.634096,39.428255,80.646054,27.63701832,87.81095669,5.361627094,214.1530936,rubber
62.569379,39.972276,76.539164,27.35466553,78.34250464,5.205352688,187.9584149,rubber
55.55257,42.69175,82.47385,28.66021824,81.88426224,5.527549658,217.528164,rubber
58.167712,40.213339,82.988235,26.89018425,89.90908447,5.504713351,201.7038734,rubber
63.770634,41.829911,80.152312,28.10930873,75.1867247,5.408183147,206.2065226,rubber
61.331679,42.442332,79.517996,26.83467933,83.38153738,5.736954742,210.7789349,rubber
59.509099,42.088772,93.715642,28.09672794,75.80244258,5.403262967,207.505712,rubber
55.185587,40.338806,81.521347,29.28950226,84.19262354,5.642656491,174.0478519,rubber
62.763159,41.411027,81.023778,26.54661341,77.51432349,5.307474243,175.8198987,rubber
59.991255,38.404356,90.501222,27.85823157,84.1400101,5.241098661,193.638925,rubber
60.290694,38.183692,78.311197,27.81692124,79.25149445,5.806094565,204.5387154,rubber
61.438532,41.07931,82.450506,27.93037493,78.97361161,5.52752465,213.8816474,rubber
63.378715,39.519203,83.071375,27.83654888,80.10838576,5.421868642,197.8202583,rubber
64.02399,40.184842,80.54113,26.78433707,79.0104195,5.460183041,190.0502782,rubber
60.064996,39.141635,80.319983,28.10206253,76.94158605,5.434214206,200.9284914,rubber
63.552898,40.513438,77.352259,28.335164,85.46415645,5.651256568,206.5703184,rubber
62.176771,42.879908,84.302507,28.47607872,83.4196551,5.321527569,181.972817,rubber
120.942592,55.188872,175.10481,27.66894066,75.88980744,6.39571941,922.3575339,sugarcane
110.182189,59.11051,167.767189,26.52344455,84.97817361,6.625978842,886.8340423,sugarcane
124.094935,55.796907,200.99732,27.32719174,81.53672683,6.332982118,907.5781281,sugarcane
115.045385,58.770522,180.161729,27.45785017,86.96673213,6.040099492,1022.895805,sugarcane
120.332381,56.196383,172.544371,26.38834924,83.60341452,6.964996571,1007.188859,sugarcane
127.593138,54.471997,174.598162,26.36754799,80.39846218,6.099707426,908.6795975,sugarcane
116.637881,54.517765,181.185751,27.2935852,81.95104478,6.386618598,838.0885573,sugarcane
116.548148,52.325761,184.194601,27.73652279,85.0785131,6.647605784,942.3890331,sugarcane
116.868267,52.945467,166.43251,27.8034015,81.4269478,6.256963643,902.8899916,sugarcane
114.798159,55.118317,189.607211,26.71812846,74.61169007,6.463109835,941.0969477,sugarcane
118.650479,53.274482,181.956952,27.0535743,81.91855657,6.580465065,925.4995291,sugarcane
117.080486,58.795339,185.034199,27.66982631,86.02162304,6.602559115,1002.918155,sugarcane
110.523929,55.561423,178.355534,28.35892411,85.04267734,6.377063188,971.249267,sugarcane
121.006088,56.249411,170.830418,27.29161334,81.25166357,6.555077704,908.7100456,sugarcane
116.489621,58.228066,170.536072,26.20801894,81.83081348,6.349481377,899.553368,sugarcane
120.630456,50.861069,170.92834,28.66381742,83.50707819,6.354420146,973.8382595,sugarcane
123.403983,57.73464,178.855596,27.79096314,75.3138954,6.294019915,959.3406699,sugarcane
121.977801,52.492599,182.33478,26.4946894,81.09157417,6.699830891,1001.809437,sugarcane
114.017638,52.092558,176.299439,26.9783355,79.84209296,6.702925276,969.801221,sugarcane
122.436511,51.517018,190.505616,24.71566325,84.73570188,6.682190789,925.3531323,sugarcane
127.637461,54.826482,180.561885,27.27501832,92.45196571,6.762164612,989.9644784,sugarcane
114.523173,55.394872,172.681883,27.66590979,82.46073168,6.280718272,954.6241013,sugarcane
114.903495,55.415845,172.268304,27.02226498,84.46154115,6.489654862,927.7193688,sugarcane
121.219657,56.917252,170.035351,27.21113149,86.32153389,6.611863108,953.2919864,sugarcane
123.838425,56.244365,186.78241,25.3606154,76.90466388,6.695941684,864.199087,sugarcane
122.409232,54.031863,171.034297,27.2832163,82.65938989,6.911516817,914.3857613,sugarcane
128.640661,55.969163,174.050803,27.64738963,83.85562229,6.506989442,965.1788353,sugarcane
116.418078,52.729085,186.83498,26.81860907,81.73732777,6.554565211,965.1214357,sugarcane
111.424041,58.537193,181.090639,26.83585086,83.4131749,6.546125728,993.7225733,sugarcane
123.227902,56.974077,192.158945,27.71573588,81.4736052,6.281034275,1045.064482,sugarcane
118.57366,53.698955,164.369459,27.27416322,82.48834806,6.204552587,975.8366204,sugarcane
117.010848,62.398366,174.875749,26.6474934,79.13073398,6.749185922,928.7517797,sugarcane
115.650515,56.944126,167.576824,27.50633954,87.84299107,6.610488527,986.360204,sugarcane
125.220361,59.701697,190.889046,27.35613248,84.96476379,6.32724269,994.2487347,sugarcane
113.966664,53.990688,152.25694,27.32515802,79.8880998,6.716673317,972.2409788,sugarcane
126.744575,52.02011,189.345474,28.70574364,84.50643922,6.654118057,959.6670676,sugarcane
116.851987,57.093279,166.445254,26.66161835,76.19093369,6.362787006,986.5965702,sugarcane
123.03236,55.140013,181.533609,25.47244966,80.77799572,6.367136437,912.4335976,sugarcane
123.597472,52.633605,174.557872,25.30947391,81.03527597,6.287871678,954.5145669,sugarcane
114.293352,55.287491,178.697828,28.35435384,83.63087498,6.141270615,877.9013359,sugarcane
120.331248,52.442918,153.284684,28.09313251,84.36233478,6.60159049,915.3825864,sugarcane
122.566061,53.063009,181.843716,26.25432759,86.97342612,6.193803852,1020.240178,sugarcane
120.233495,53.653966,181.503026,27.59401189,86.4829293,6.56106289,899.2303231,sugarcane
120.333781,59.996181,192.129103,27.73609842,84.60985343,6.636392768,1016.049026,sugarcane
117.260227,51.273513,180.621032,26.33775891,78.53953192,6.359545678,1091.662894,sugarcane
120.816748,55.995247,168.998735,25.5065601,79.31350733,6.780448139,969.0537016,sugarcane
123.591571,57.031057,174.677856,28.12425212,79.92439107,6.77421531,975.2112229,sugarcane
109.265729,52.942974,163.935553,27.94225853,81.91886782,6.065473224,971.4175723,sugarcane
116.777014,50.919534,195.101693,27.08690155,81.037545,6.422112168,863.7430703,sugarcane
112.172707,58.533521,175.735054,27.01787484,75.29459604,6.242972053,984.7593136,sugarcane
122.266271,59.821782,192.086607,26.81312411,83.55128769,6.438262329,1067.12416,sugarcane
126.894088,55.466634,181.803553,28.17032873,83.90101534,6.803932463,824.9620682,sugarcane
122.76737,53.582554,195.807402,28.25258294,82.10770145,6.799448041,1051.637528,sugarcane
120.44644,61.797818,179.71793,26.82623803,84.84006209,6.431010807,954.8643672,sugarcane
128.456607,55.052852,164.74484,27.2975287,79.71615706,6.668727876,989.6828138,sugarcane
128.828402,57.495714,189.812199,26.45803162,84.63707571,6.883848001,910.7469552,sugarcane
130.79843,53.489287,172.332259,27.23992236,84.34818616,6.677791274,895.179542,sugarcane
122.607241,53.114725,166.5997,26.24772358,79.5370468,6.601711056,1015.676179,sugarcane
111.16076,55.967893,169.409716,27.50955918,79.95744369,6.294990841,995.5808774,sugarcane
116.478464,54.131099,160.020098,27.7667066,84.69257995,6.50106428,862.9278863,sugarcane
127.256215,53.167776,175.919819,28.87275569,79.69207246,6.644730943,982.0392589,sugarcane
122.341033,55.775501,183.387497,27.22027188,81.82970778,6.794700209,875.178348,sugarcane
126.128749,57.261441,186.285592,27.90475334,81.69627398,6.135550055,945.8793184,sugarcane
114.052835,52.987387,168.818223,26.61335066,80.04307428,6.036373883,989.9126489,sugarcane
133.321931,56.667152,178.173684,26.95565542,80.61916635,6.517558109,947.8905386,sugarcane
114.953709,59.627943,166.615612,27.58184855,81.66807178,6.870662204,969.4292822,sugarcane
117.840567,54.318805,180.35916,26.07433954,79.48466796,6.151935926,897.3903168,sugarcane
120.563439,55.825481,162.186033,26.88885852,83.84798464,6.468232122,913.8740472,sugarcane
117.527033,53.512901,174.269425,27.14079706,89.56921739,6.354978516,931.8658699,sugarcane
119.689812,53.109775,189.884122,25.07958285,80.25812592,6.659571179,933.2366244,sugarcane
115.074966,56.212081,188.157089,27.17061471,79.37199722,6.588959647,927.0831899,sugarcane
124.471121,59.078962,156.549809,27.08996465,76.30679269,6.976148774,923.3169016,sugarcane
124.478239,54.902879,172.772239,26.25313703,87.20102769,6.686407922,1060.784293,sugarcane
120.33272,55.791779,177.595276,26.76746342,78.58261086,6.516381987,905.0129441,sugarcane
122.651454,55.467528,182.589138,28.35685525,81.87628512,6.647561766,1066.93604,sugarcane
127.839702,58.171217,177.239806,27.18601088,77.67605376,6.597288308,965.6442301,sugarcane
120.140311,57.824786,169.130027,28.32423891,84.95778818,6.486226374,941.5224135,sugarcane
122.883667,59.182341,180.914469,27.11666503,82.05942861,6.847494702,928.9736631,sugarcane
119.822954,59.024448,181.323098,27.92101768,79.01100141,6.459967958,1034.61274,sugarcane
115.941962,54.583928,182.310167,26.19878484,80.64270281,6.521964153,952.6608588,sugarcane
127.682112,59.239007,172.295236,27.0901275,84.21153445,6.795687756,990.9539469,sugarcane
121.74548,56.832992,186.06392,26.24855142,82.63238004,6.784536394,938.1806642,sugarcane
120.77668,54.33308,159.175265,27.01667804,82.98987753,6.400063789,884.1856939,sugarcane
114.716361,57.101516,197.752723,28.11977101,77.5905451,6.666652326,912.1997446,sugarcane
116.506398,53.729567,186.354603,27.77699523,81.67845809,6.484191206,976.4630334,sugarcane
123.407967,58.234621,168.440652,27.01622215,78.49688005,6.490066256,937.1080086,sugarcane
119.719503,52.800707,166.614392,25.3035056,81.56972909,6.415954784,911.4715531,sugarcane
127.935291,52.636545,192.751507,28.31531343,75.60104647,6.518014385,927.2173,sugarcane
102.529176,51.027237,186.974425,28.63555139,84.96078431,6.563108332,948.7840542,sugarcane
130.095977,60.907658,174.718416,25.38001089,75.11794512,6.757766793,947.3176632,sugarcane
121.099451,50.07571,173.2213,26.76066054,82.6817099,6.422274552,890.8724067,sugarcane
115.292598,58.322889,182.203062,27.49584701,79.0516939,5.92400442,920.1830545,sugarcane
114.800577,55.959784,209.571513,27.56308447,90.97394932,6.610910091,914.0964845,sugarcane
122.087496,59.896756,196.466063,26.53397673,82.83044252,6.221292958,997.0061116,sugarcane
129.320128,55.109448,173.993544,27.29170607,83.36926562,6.515823047,960.1867621,sugarcane
118.957111,57.738876,186.626047,26.20368645,78.68526282,6.450396989,991.9997161,sugarcane
120.888344,53.231336,182.353667,26.73204348,84.88799559,6.564946395,932.0291433,sugarcane
121.389113,58.616382,174.873329,27.32615216,81.76889008,6.583261818,912.6897983,sugarcane
120.662013,58.046514,171.566937,25.92318187,77.76402575,6.271720807,983.9334274,sugarcane
111.564842,54.180788,185.564604,27.33749384,80.73536655,6.537230128,956.1072838,sugarcane
